"TABLE_NAME","COLUMN_NAME","DATA_TYPE","DATA_LENGTH","NULLABLE"
"BILLING_SCHEDULES_ALL","BILLING_SCH_ID","VARCHAR2",4000,"Y"
"BILLING_SCHEDULES_ALL","ORDER_ID","VARCHAR2",4000,"Y"
"BILLING_SCHEDULES_ALL","LINE_ID","VARCHAR2",4000,"Y"
"BILLING_SCHEDULES_ALL","BILLING_PERIOD_FROM","VARCHAR2",4000,"Y"
"BILLING_SCHEDULES_ALL","BILLING_PERIOD_TO","VARCHAR2",4000,"Y"
"BILLING_SCHEDULES_ALL","BILLING_BATCH","VARCHAR2",4000,"Y"
"BILLING_SCHEDULES_ALL","BILLING_CYCLE","VARCHAR2",4000,"Y"
"BILLING_SCHEDULES_ALL","BILLING_FREQUENCY","VARCHAR2",4000,"Y"
"BILLING_SCHEDULES_ALL","INVOICE_BILL_FROM","VARCHAR2",4000,"Y"
"BILLING_SCHEDULES_ALL","INVOICE_BILL_TO","VARCHAR2",4000,"Y"
"BILLING_SCHEDULES_ALL","REV_START","VARCHAR2",4000,"Y"
"BILLING_SCHEDULES_ALL","REV_END","VARCHAR2",4000,"Y"
"BILLING_SCHEDULES_ALL","INVOICE_DATE","VARCHAR2",4000,"Y"
"BILLING_SCHEDULES_ALL","TRX_DATE","VARCHAR2",4000,"Y"
"BILLING_SCHEDULES_ALL","GL_DATE","VARCHAR2",4000,"Y"
"BILLING_SCHEDULES_ALL","TRX_TYPE","VARCHAR2",4000,"Y"
"BILLING_SCHEDULES_ALL","CURRENCY","VARCHAR2",4000,"Y"
"BILLING_SCHEDULES_ALL","QUANTITY","VARCHAR2",4000,"Y"
"BILLING_SCHEDULES_ALL","UNIT_PRICE","VARCHAR2",4000,"Y"
"BILLING_SCHEDULES_ALL","TOTAL_AMOUNT","VARCHAR2",4000,"Y"
"BILLING_SCHEDULES_ALL","TOTAL_BILLING_AMOUNT","VARCHAR2",4000,"Y"
"BILLING_SCHEDULES_ALL","INVOICE_AMOUNT","VARCHAR2",4000,"Y"
"BILLING_SCHEDULES_ALL","BILLING_LINE_TYPE","VARCHAR2",4000,"Y"
"BILLING_SCHEDULES_ALL","BILLING_STATUS","VARCHAR2",4000,"Y"
"BILLING_SCHEDULES_ALL","DO_NOT_BILL_FLAG","VARCHAR2",4000,"Y"
"BILLING_SCHEDULES_ALL","AT_RISK_FLAG","VARCHAR2",4000,"Y"
"BILLING_SCHEDULES_ALL","RISK_REDUCER","VARCHAR2",4000,"Y"
"BILLING_SCHEDULES_ALL","NOTES","VARCHAR2",4000,"Y"
"BILLING_SCHEDULES_ALL","INTERFACE_FLAG","VARCHAR2",4000,"Y"
"BILLING_SCHEDULES_ALL","PARENT_BILLING_ID","VARCHAR2",4000,"Y"
"BILLING_SCHEDULES_ALL","TRX_NUMBER","VARCHAR2",4000,"Y"
"BILLING_SCHEDULES_ALL","BALANCE","VARCHAR2",4000,"Y"
"BILLING_SCHEDULES_ALL","RECOGNIZED_REVENUE","VARCHAR2",4000,"Y"
"BILLING_SCHEDULES_ALL","DUE_DATE","VARCHAR2",4000,"Y"
"BILLING_SCHEDULES_ALL","TRN_LINE_NUMBER","VARCHAR2",4000,"Y"
"BILLING_SCHEDULES_ALL","CREATION_DATE","VARCHAR2",4000,"Y"
"BILLING_SCHEDULES_ALL","CREATED_BY","VARCHAR2",4000,"Y"
"BILLING_SCHEDULES_ALL","LAST_UPDATE_DATE","VARCHAR2",4000,"Y"
"BILLING_SCHEDULES_ALL","LAST_UPDATED_BY","VARCHAR2",4000,"Y"
"BILLING_SCHEDULES_ALL","LAST_UPDATE_LOGIN","VARCHAR2",4000,"Y"
"BILLING_SCHEDULES_ALL","SOURCE_ID","VARCHAR2",4000,"Y"
"BILLING_SCHEDULES_ALL","ORG_ID","VARCHAR2",4000,"Y"
"BILLING_SCHEDULES_ALL","TENANT_ID","VARCHAR2",4000,"Y"
"BILLING_SCHEDULES_ALL","ATTRIBUTE_CONTEXT","VARCHAR2",4000,"Y"
"BILLING_SCHEDULES_ALL","ATTRIBUTE1_D","VARCHAR2",4000,"Y"
"BILLING_SCHEDULES_ALL","ATTRIBUTE2_D","VARCHAR2",4000,"Y"
"BILLING_SCHEDULES_ALL","ATTRIBUTE3_D","VARCHAR2",4000,"Y"
"BILLING_SCHEDULES_ALL","ATTRIBUTE4_D","VARCHAR2",4000,"Y"
"BILLING_SCHEDULES_ALL","ATTRIBUTE5_D","VARCHAR2",4000,"Y"
"BILLING_SCHEDULES_ALL","ATTRIBUTE1_N","VARCHAR2",4000,"Y"
"BILLING_SCHEDULES_ALL","ATTRIBUTE2_N","VARCHAR2",4000,"Y"
"BILLING_SCHEDULES_ALL","ATTRIBUTE3_N","VARCHAR2",4000,"Y"
"BILLING_SCHEDULES_ALL","ATTRIBUTE4_N","VARCHAR2",4000,"Y"
"BILLING_SCHEDULES_ALL","ATTRIBUTE5_N","VARCHAR2",4000,"Y"
"BILLING_SCHEDULES_ALL","ATTRIBUTE1_V","VARCHAR2",4000,"Y"
"BILLING_SCHEDULES_ALL","ATTRIBUTE2_V","VARCHAR2",4000,"Y"
"BILLING_SCHEDULES_ALL","ATTRIBUTE3_V","VARCHAR2",4000,"Y"
"BILLING_SCHEDULES_ALL","ATTRIBUTE4_V","VARCHAR2",4000,"Y"
"BILLING_SCHEDULES_ALL","ATTRIBUTE5_V","VARCHAR2",4000,"Y"
"BILLING_SCHEDULES_ALL","ATTRIBUTE6_V","VARCHAR2",4000,"Y"
"BILLING_SCHEDULES_ALL","ATTRIBUTE7_V","VARCHAR2",4000,"Y"
"BILLING_SCHEDULES_ALL","ATTRIBUTE8_V","VARCHAR2",4000,"Y"
"BILLING_SCHEDULES_ALL","ATTRIBUTE9_V","VARCHAR2",4000,"Y"
"BILLING_SCHEDULES_ALL","ATTRIBUTE10_V","VARCHAR2",4000,"Y"
"BILLING_SCHEDULES_ALL","ATTRIBUTE11_V","VARCHAR2",4000,"Y"
"BILLING_SCHEDULES_ALL","ATTRIBUTE12_V","VARCHAR2",4000,"Y"
"BILLING_SCHEDULES_ALL","ATTRIBUTE13_V","VARCHAR2",4000,"Y"
"BILLING_SCHEDULES_ALL","ATTRIBUTE14_V","VARCHAR2",4000,"Y"
"BILLING_SCHEDULES_ALL","ATTRIBUTE15_V","VARCHAR2",4000,"Y"
"BILLING_SCHEDULES_ALL","PRORATE_REQ_FLAG","VARCHAR2",4000,"Y"
"BILLING_SCHEDULES_ALL","DELIVERED_QUANTITY","VARCHAR2",4000,"Y"
"BILLING_SCHEDULES_ALL","LEGACY_FROM_DATE","VARCHAR2",4000,"Y"
"BILLING_SCHEDULES_ALL","LEGACY_TO_DATE","VARCHAR2",4000,"Y"
"BILLING_SCHEDULES_ALL","CAL_MONTH","VARCHAR2",4000,"Y"
"BILLING_SCHEDULES_ALL","CAL_QUARTER","VARCHAR2",4000,"Y"
"BILLING_SCHEDULES_ALL","CAL_YEAR","VARCHAR2",4000,"Y"
"BILLING_SCHEDULES_ALL","FISCAL_MONTH","VARCHAR2",4000,"Y"
"BILLING_SCHEDULES_ALL","FISCAL_QUARTER","VARCHAR2",4000,"Y"
"BILLING_SCHEDULES_ALL","FISCAL_YEAR","VARCHAR2",4000,"Y"
"BILLING_SCHEDULES_ALL","PERIOD_MONTH","VARCHAR2",4000,"Y"
"BILLING_SCHEDULES_ALL","CONTINGENCY","VARCHAR2",4000,"Y"
"BILLING_SCHEDULES_ALL","CONTINGENCY_RELEASED","VARCHAR2",4000,"Y"
"BILLING_SCHEDULES_ALL","OVERRIDE","VARCHAR2",4000,"Y"
"BILLING_SCHEDULES_ALL","CONTING_EXPECTED_DATE","VARCHAR2",4000,"Y"
"BILLING_SCHEDULES_ALL","CONTING_ACTUAL_DATE","VARCHAR2",4000,"Y"
"BILLING_SCHEDULES_ALL","GOAL_RESET_FLAG","VARCHAR2",4000,"Y"
"BILLING_SCHEDULES_ALL","SCH_PROCESSED","VARCHAR2",4000,"Y"
"BILLING_SCHEDULES_ALL","TIER_DETAILS","VARCHAR2",4000,"Y"
"BILLING_SCHEDULES_ALL","PRE_PAYMENT_LINE_ID","VARCHAR2",4000,"Y"
"BILLING_SCHEDULES_ALL","PREVIOUS_BILL_SCH_ID","VARCHAR2",4000,"Y"
"BILLING_SCHEDULES_ALL","REFRESH_FLAG","VARCHAR2",4000,"Y"
"BILLING_SCHEDULES_ALL","PRE_PAYMENT_BILL_SCH_ID","VARCHAR2",4000,"Y"
"BILLING_SCHEDULES_ALL","ACCOUNTING_RULE","VARCHAR2",4000,"Y"
"BILLING_SCHEDULES_ALL","INVOICING_RULE","VARCHAR2",4000,"Y"
"BILLING_SCHEDULES_ALL","BILL_RUN_ID","VARCHAR2",4000,"Y"
"BILLING_SCHEDULES_ALL","ACCOUNTING_RULE_DURATION","VARCHAR2",4000,"Y"
"BILLING_SCHEDULES_ALL","PERIOD_AMOUNT","VARCHAR2",4000,"Y"
"BILLING_SCHEDULES_ALL","TAX_STATUS","VARCHAR2",4000,"Y"
"BILLING_SCHEDULES_ALL","ERROR_ID","VARCHAR2",4000,"Y"
"BILLING_SCHEDULES_ALL","CREDIT_METHOD","VARCHAR2",4000,"Y"
"BILLING_SCHEDULES_ALL","ADJUSTMENTS_REASON_CODE","VARCHAR2",4000,"Y"
"BILLING_SCHEDULES_ALL","COMMENTS","VARCHAR2",4000,"Y"
"BILLING_SCHEDULES_ALL","CUSTOMER_TRX_ID","VARCHAR2",4000,"Y"
"BILLING_SCHEDULES_ALL","CUSTOMER_TRX_LINE_ID","VARCHAR2",4000,"Y"
"BILLING_SCHEDULES_ALL","PARENT_TRX_NUMBER","VARCHAR2",4000,"Y"
"BILLING_SCHEDULES_ALL","PARENT_TRN_LINE_NUMBER","VARCHAR2",4000,"Y"
"BILLING_SCHEDULES_ALL","ADJUSTMENT_DTL_ID","VARCHAR2",4000,"Y"
"BILLING_SCHEDULES_ALL","BILL_SCH_SOURCE","VARCHAR2",4000,"Y"
"BILLING_SCHEDULES_ALL","LINE_UOM","VARCHAR2",4000,"Y"
"BILLING_SCHEDULES_ALL","LINE_UNIT_PRICE","VARCHAR2",4000,"Y"
"BILLING_SCHEDULES_ALL","LINE_ORDERED_QUANTITY","VARCHAR2",4000,"Y"
"BILLING_SCHEDULES_ALL","LEGAL_ENTITY_ID","VARCHAR2",4000,"Y"
"BILLING_SCHEDULES_ALL","SOURCE_QUANTITY","VARCHAR2",4000,"Y"
"BILLING_SCHEDULES_ALL","PROFORMA_TRX_NUMBER","VARCHAR2",4000,"Y"
"BILLING_SCHEDULES_ALL","PROFORMA_TRN_LINE_NUMBER","VARCHAR2",4000,"Y"
"BILLING_SCHEDULES_ALL","APPROVER_GROUP","VARCHAR2",4000,"Y"
"BILLING_SCHEDULES_ALL","PRICING_SCH_ID","VARCHAR2",4000,"Y"
"BILLING_SCHEDULES_ALL","PROFORMA_TRN_LINE_NUBER","VARCHAR2",4000,"Y"
"BILLING_SCHEDULES_ALL","REBILL_BATCH_ID","VARCHAR2",4000,"Y"
"BILLING_SCHEDULES_ALL","REBIL_SELECT_FLAG","VARCHAR2",4000,"Y"
"BILLING_SCHEDULES_ALL","BILLING_EXCLUDE_FLAG","VARCHAR2",4000,"Y"
"BILLING_SCHEDULES_ALL","FREE_MONTHS_WITHIN_PERIOD","VARCHAR2",4000,"Y"
"BILLING_SCHEDULES_ALL","ORDER_FULFILLMENT_ID","VARCHAR2",4000,"Y"
"BILLING_SCHEDULES_ALL","APPROVAL_STATUS","VARCHAR2",4000,"Y"
"BILLING_SCHEDULES_ALL","TIER_BASE_AMOUNT","VARCHAR2",4000,"Y"
"BILLING_SCHEDULES_ALL","TIER_VARIABLE_AMOUNT","VARCHAR2",4000,"Y"
"BILLING_SCHEDULES_ALL","TIER_VARIANCE_AMOUNT","VARCHAR2",4000,"Y"
"BILLING_SCHEDULES_ALL","BILLING_SCH_REFERENCE","VARCHAR2",4000,"Y"
"BILLING_SCHEDULES_ALL","ORDER_LINE_OVERRIDE_ADJ_ID","VARCHAR2",4000,"Y"
"BILLING_SCHEDULES_ALL","BOOKING_OVERRIDE_ADJ_ID","VARCHAR2",4000,"Y"
"BILLING_SCHEDULES_ALL","ASSET_ACTIVITY_ID","VARCHAR2",4000,"Y"
"BILLING_SCHEDULES_ALL","RAMP_HEADER_ID","VARCHAR2",4000,"Y"
"BILLING_SCHEDULES_ALL","ASSET_NUMBER","VARCHAR2",4000,"Y"
"BILLING_SCHEDULES_ALL","ASSET_SERIAL_NUMBER","VARCHAR2",4000,"Y"
"BILLING_SCHEDULES_ALL","DELIVERY_ID","VARCHAR2",4000,"Y"
"BILLING_SCHEDULES_ALL","BOOKING_REF_NUMBER","VARCHAR2",4000,"Y"
"BILLING_SCHEDULES_ALL","ATTRIBUTE6_D","VARCHAR2",4000,"Y"
"BILLING_SCHEDULES_ALL","ATTRIBUTE7_D","VARCHAR2",4000,"Y"
"BILLING_SCHEDULES_ALL","ATTRIBUTE8_D","VARCHAR2",4000,"Y"
"BILLING_SCHEDULES_ALL","ATTRIBUTE9_D","VARCHAR2",4000,"Y"
"BILLING_SCHEDULES_ALL","ATTRIBUTE10_D","VARCHAR2",4000,"Y"
"BILLING_SCHEDULES_ALL","ATTRIBUTE6_N","VARCHAR2",4000,"Y"
"BILLING_SCHEDULES_ALL","ATTRIBUTE7_N","VARCHAR2",4000,"Y"
"BILLING_SCHEDULES_ALL","ATTRIBUTE8_N","VARCHAR2",4000,"Y"
"BILLING_SCHEDULES_ALL","ATTRIBUTE9_N","VARCHAR2",4000,"Y"
"BILLING_SCHEDULES_ALL","ATTRIBUTE10_N","VARCHAR2",4000,"Y"
"BILLING_SCHEDULES_ALL","ATTRIBUTE16_V","VARCHAR2",4000,"Y"
"BILLING_SCHEDULES_ALL","ATTRIBUTE17_V","VARCHAR2",4000,"Y"
"BILLING_SCHEDULES_ALL","ATTRIBUTE18_V","VARCHAR2",4000,"Y"
"BILLING_SCHEDULES_ALL","ATTRIBUTE19_V","VARCHAR2",4000,"Y"
"BILLING_SCHEDULES_ALL","ATTRIBUTE20_V","VARCHAR2",4000,"Y"
"BILLING_SCHEDULES_ALL","ATTRIBUTE21_V","VARCHAR2",4000,"Y"
"BILLING_SCHEDULES_ALL","ATTRIBUTE22_V","VARCHAR2",4000,"Y"
"BILLING_SCHEDULES_ALL","ATTRIBUTE23_V","VARCHAR2",4000,"Y"
"BILLING_SCHEDULES_ALL","ATTRIBUTE24_V","VARCHAR2",4000,"Y"
"BILLING_SCHEDULES_ALL","ATTRIBUTE25_V","VARCHAR2",4000,"Y"
"BILLING_SCHEDULES_ALL","ATTRIBUTE26_V","VARCHAR2",4000,"Y"
"BILLING_SCHEDULES_ALL","ATTRIBUTE27_V","VARCHAR2",4000,"Y"
"BILLING_SCHEDULES_ALL","ATTRIBUTE28_V","VARCHAR2",4000,"Y"
"BILLING_SCHEDULES_ALL","ATTRIBUTE29_V","VARCHAR2",4000,"Y"
"BILLING_SCHEDULES_ALL","ATTRIBUTE30_V","VARCHAR2",4000,"Y"
"BILLING_SCHEDULES_ALL","ATTRIBUTE31_V","VARCHAR2",4000,"Y"
"BILLING_SCHEDULES_ALL","ATTRIBUTE32_V","VARCHAR2",4000,"Y"
"BILLING_SCHEDULES_ALL","ATTRIBUTE33_V","VARCHAR2",4000,"Y"
"BILLING_SCHEDULES_ALL","ATTRIBUTE34_V","VARCHAR2",4000,"Y"
"BILLING_SCHEDULES_ALL","ATTRIBUTE35_V","VARCHAR2",4000,"Y"
"BILLING_SCHEDULES_ALL","BATCH_ID","VARCHAR2",4000,"Y"
"BILLING_SCHEDULES_ALL","CHARGE_TYPE_ID","VARCHAR2",4000,"Y"
"BILLING_SCHEDULES_ALL","CHARGE_CODE","VARCHAR2",4000,"Y"
"BILLING_SCHEDULES_ALL","CHARGE_NAME","VARCHAR2",4000,"Y"
"BILLING_SCHEDULES_ALL","CHARGE_DESCRIPTION","VARCHAR2",4000,"Y"
"BILLING_SCHEDULES_ALL","ATTRIBUTE36_V","VARCHAR2",4000,"Y"
"BILLING_SCHEDULES_ALL","TAX_RATE","VARCHAR2",4000,"Y"
"BILLING_SCHEDULES_ALL","TAX_AMOUNT","VARCHAR2",4000,"Y"
"BILLING_SCHEDULES_ALL","TAX_FLAG","VARCHAR2",4000,"Y"
"BILLING_SCHEDULES_ALL","CANCEL_FLAG","VARCHAR2",4000,"Y"
"BILLING_SCHEDULES_ALL","CHARGE_RULE_ID","VARCHAR2",4000,"Y"
"BILLING_SCHEDULES_ALL","BILLING_SCH_LEVEL","VARCHAR2",4000,"Y"
"BILLING_SCHEDULES_ALL","BILLING_LEVEL_GROUP_ID","VARCHAR2",4000,"Y"
"BILLING_SCHEDULES_ALL","REQUEST_ID","VARCHAR2",4000,"Y"
"LINE_PRICE_ADJUSTMENTS","PRICE_ADJUSTMENT_ID","VARCHAR2",4000,"Y"
"LINE_PRICE_ADJUSTMENTS","ORDER_ID","VARCHAR2",4000,"Y"
"LINE_PRICE_ADJUSTMENTS","LINE_ID","VARCHAR2",4000,"Y"
"LINE_PRICE_ADJUSTMENTS","ADJUSTMENT_TYPE","VARCHAR2",4000,"Y"
"LINE_PRICE_ADJUSTMENTS","ADJ_INDEX_CATEGORY","VARCHAR2",4000,"Y"
"LINE_PRICE_ADJUSTMENTS","ADJ_REFERENCE_NUMBER","VARCHAR2",4000,"Y"
"LINE_PRICE_ADJUSTMENTS","ADJUSTMENT_MIN","VARCHAR2",4000,"Y"
"LINE_PRICE_ADJUSTMENTS","ADJUSTMENT_MAX","VARCHAR2",4000,"Y"
"LINE_PRICE_ADJUSTMENTS","ADJUSTMENT_FREQUENCY","VARCHAR2",4000,"Y"
"LINE_PRICE_ADJUSTMENTS","ADJUSTMENT_CYCLE","VARCHAR2",4000,"Y"
"LINE_PRICE_ADJUSTMENTS","APPLIED_DATE","VARCHAR2",4000,"Y"
"LINE_PRICE_ADJUSTMENTS","ADJUSTMENT_PERCENT","VARCHAR2",4000,"Y"
"LINE_PRICE_ADJUSTMENTS","ADJUSTMENT_AMOUNT","VARCHAR2",4000,"Y"
"LINE_PRICE_ADJUSTMENTS","CREATION_DATE","VARCHAR2",4000,"Y"
"LINE_PRICE_ADJUSTMENTS","CREATED_BY","VARCHAR2",4000,"Y"
"LINE_PRICE_ADJUSTMENTS","LAST_UPDATE_DATE","VARCHAR2",4000,"Y"
"LINE_PRICE_ADJUSTMENTS","LAST_UPDATED_BY","VARCHAR2",4000,"Y"
"LINE_PRICE_ADJUSTMENTS","LAST_UPDATE_LOGIN","VARCHAR2",4000,"Y"
"LINE_PRICE_ADJUSTMENTS","PROGRAM_APPLICATION_ID","VARCHAR2",4000,"Y"
"LINE_PRICE_ADJUSTMENTS","PROGRAM_ID","VARCHAR2",4000,"Y"
"LINE_PRICE_ADJUSTMENTS","PROGRAM_UPDATE_DATE","VARCHAR2",4000,"Y"
"LINE_PRICE_ADJUSTMENTS","REQUEST_ID","VARCHAR2",4000,"Y"
"LINE_PRICE_ADJUSTMENTS","CONTEXT","VARCHAR2",4000,"Y"
"LINE_PRICE_ADJUSTMENTS","ATTRIBUTE1_V","VARCHAR2",4000,"Y"
"LINE_PRICE_ADJUSTMENTS","ATTRIBUTE2_V","VARCHAR2",4000,"Y"
"LINE_PRICE_ADJUSTMENTS","ATTRIBUTE3_V","VARCHAR2",4000,"Y"
"LINE_PRICE_ADJUSTMENTS","ATTRIBUTE4_V","VARCHAR2",4000,"Y"
"LINE_PRICE_ADJUSTMENTS","ATTRIBUTE5_V","VARCHAR2",4000,"Y"
"LINE_PRICE_ADJUSTMENTS","ATTRIBUTE1_D","VARCHAR2",4000,"Y"
"LINE_PRICE_ADJUSTMENTS","ATTRIBUTE2_D","VARCHAR2",4000,"Y"
"LINE_PRICE_ADJUSTMENTS","ATTRIBUTE3_D","VARCHAR2",4000,"Y"
"LINE_PRICE_ADJUSTMENTS","ATTRIBUTE4_D","VARCHAR2",4000,"Y"
"LINE_PRICE_ADJUSTMENTS","ATTRIBUTE5_D","VARCHAR2",4000,"Y"
"LINE_PRICE_ADJUSTMENTS","ATTRIBUTE1_N","VARCHAR2",4000,"Y"
"LINE_PRICE_ADJUSTMENTS","ATTRIBUTE2_N","VARCHAR2",4000,"Y"
"LINE_PRICE_ADJUSTMENTS","ATTRIBUTE3_N","VARCHAR2",4000,"Y"
"LINE_PRICE_ADJUSTMENTS","ATTRIBUTE4_N","VARCHAR2",4000,"Y"
"LINE_PRICE_ADJUSTMENTS","ATTRIBUTE5_N","VARCHAR2",4000,"Y"
"LINE_PRICE_ADJUSTMENTS","ORG_ID","VARCHAR2",4000,"Y"
"LINE_PRICE_ADJUSTMENTS","TENANT_ID","VARCHAR2",4000,"Y"
"LINE_PRICE_ADJUSTMENTS","REFRESH_FLAG","VARCHAR2",4000,"Y"
"LINE_PRICE_ADJUSTMENTS","APPLICATION_METHOD","VARCHAR2",4000,"Y"
"LINE_PRICE_ADJUSTMENTS","APPLICATION_DATE","VARCHAR2",4000,"Y"
"LINE_PRICE_ADJUSTMENTS","TRUEUP_REQUIRED","VARCHAR2",4000,"Y"
"LINE_PRICE_ADJUSTMENTS","CPI_LINE_ST_RATE","VARCHAR2",4000,"Y"
"ORDER_DELIVERIES_ALL","DELIVERY_ID","VARCHAR2",4000,"Y"
"ORDER_DELIVERIES_ALL","LINE_ID","VARCHAR2",4000,"Y"
"ORDER_DELIVERIES_ALL","ORDER_FULFILLMENT_ID","VARCHAR2",4000,"Y"
"ORDER_DELIVERIES_ALL","SOURCE","VARCHAR2",4000,"Y"
"ORDER_DELIVERIES_ALL","LOCATION_ID","VARCHAR2",4000,"Y"
"ORDER_DELIVERIES_ALL","DELIVERED_QUANTITY","VARCHAR2",4000,"Y"
"ORDER_DELIVERIES_ALL","CLICKED_QUANTITY","VARCHAR2",4000,"Y"
"ORDER_DELIVERIES_ALL","DELIVERY_DATE_FROM","VARCHAR2",4000,"Y"
"ORDER_DELIVERIES_ALL","DELIVERY_REFERENCE","VARCHAR2",4000,"Y"
"ORDER_DELIVERIES_ALL","COST","VARCHAR2",4000,"Y"
"ORDER_DELIVERIES_ALL","DELIVERY_STATUS","VARCHAR2",4000,"Y"
"ORDER_DELIVERIES_ALL","CREATION_DATE","VARCHAR2",4000,"Y"
"ORDER_DELIVERIES_ALL","CREATED_BY","VARCHAR2",4000,"Y"
"ORDER_DELIVERIES_ALL","LAST_UPDATE_DATE","VARCHAR2",4000,"Y"
"ORDER_DELIVERIES_ALL","LAST_UPDATED_BY","VARCHAR2",4000,"Y"
"ORDER_DELIVERIES_ALL","SOURCE_ID","VARCHAR2",4000,"Y"
"ORDER_DELIVERIES_ALL","ORG_ID","VARCHAR2",4000,"Y"
"ORDER_DELIVERIES_ALL","TENANT_ID","VARCHAR2",4000,"Y"
"ORDER_DELIVERIES_ALL","ATTRIBUTE_CONTEXT","VARCHAR2",4000,"Y"
"ORDER_DELIVERIES_ALL","ATTRIBUTE1_D","VARCHAR2",4000,"Y"
"ORDER_DELIVERIES_ALL","ATTRIBUTE2_D","VARCHAR2",4000,"Y"
"ORDER_DELIVERIES_ALL","ATTRIBUTE3_D","VARCHAR2",4000,"Y"
"ORDER_DELIVERIES_ALL","ATTRIBUTE4_D","VARCHAR2",4000,"Y"
"ORDER_DELIVERIES_ALL","ATTRIBUTE5_D","VARCHAR2",4000,"Y"
"ORDER_DELIVERIES_ALL","ATTRIBUTE1_N","VARCHAR2",4000,"Y"
"ORDER_DELIVERIES_ALL","ATTRIBUTE2_N","VARCHAR2",4000,"Y"
"ORDER_DELIVERIES_ALL","ATTRIBUTE3_N","VARCHAR2",4000,"Y"
"ORDER_DELIVERIES_ALL","ATTRIBUTE4_N","VARCHAR2",4000,"Y"
"ORDER_DELIVERIES_ALL","ATTRIBUTE5_N","VARCHAR2",4000,"Y"
"ORDER_DELIVERIES_ALL","ATTRIBUTE1_V","VARCHAR2",4000,"Y"
"ORDER_DELIVERIES_ALL","ATTRIBUTE2_V","VARCHAR2",4000,"Y"
"ORDER_DELIVERIES_ALL","ATTRIBUTE3_V","VARCHAR2",4000,"Y"
"ORDER_DELIVERIES_ALL","ATTRIBUTE4_V","VARCHAR2",4000,"Y"
"ORDER_DELIVERIES_ALL","ATTRIBUTE5_V","VARCHAR2",4000,"Y"
"ORDER_DELIVERIES_ALL","ATTRIBUTE6_V","VARCHAR2",4000,"Y"
"ORDER_DELIVERIES_ALL","ATTRIBUTE7_V","VARCHAR2",4000,"Y"
"ORDER_DELIVERIES_ALL","ATTRIBUTE8_V","VARCHAR2",4000,"Y"
"ORDER_DELIVERIES_ALL","ATTRIBUTE9_V","VARCHAR2",4000,"Y"
"ORDER_DELIVERIES_ALL","ATTRIBUTE10_V","VARCHAR2",4000,"Y"
"ORDER_DELIVERIES_ALL","ATTRIBUTE11_V","VARCHAR2",4000,"Y"
"ORDER_DELIVERIES_ALL","ATTRIBUTE12_V","VARCHAR2",4000,"Y"
"ORDER_DELIVERIES_ALL","ATTRIBUTE13_V","VARCHAR2",4000,"Y"
"ORDER_DELIVERIES_ALL","ATTRIBUTE14_V","VARCHAR2",4000,"Y"
"ORDER_DELIVERIES_ALL","ATTRIBUTE15_V","VARCHAR2",4000,"Y"
"ORDER_DELIVERIES_ALL","DELIVERY_TYPE","VARCHAR2",4000,"Y"
"ORDER_DELIVERIES_ALL","POINTS","VARCHAR2",4000,"Y"
"ORDER_DELIVERIES_ALL","SURVEY","VARCHAR2",4000,"Y"
"ORDER_DELIVERIES_ALL","SHOPPING","VARCHAR2",4000,"Y"
"ORDER_DELIVERIES_ALL","MAKE_GOOD_QUANTITY","VARCHAR2",4000,"Y"
"ORDER_DELIVERIES_ALL","BONUS_QUANTITY","VARCHAR2",4000,"Y"
"ORDER_DELIVERIES_ALL","METRIC1","VARCHAR2",4000,"Y"
"ORDER_DELIVERIES_ALL","METRIC2","VARCHAR2",4000,"Y"
"ORDER_DELIVERIES_ALL","METRIC3","VARCHAR2",4000,"Y"
"ORDER_DELIVERIES_ALL","METRIC4","VARCHAR2",4000,"Y"
"ORDER_DELIVERIES_ALL","METRIC5","VARCHAR2",4000,"Y"
"ORDER_DELIVERIES_ALL","METRIC6","VARCHAR2",4000,"Y"
"ORDER_DELIVERIES_ALL","PROCESSED_FLAG","VARCHAR2",4000,"Y"
"ORDER_DELIVERIES_ALL","ERROR_MESSAGE","VARCHAR2",4000,"Y"
"ORDER_DELIVERIES_ALL","REPORT_DATE","VARCHAR2",4000,"Y"
"ORDER_DELIVERIES_ALL","DELIVERY_DATE_TO","VARCHAR2",4000,"Y"
"ORDER_DELIVERIES_ALL","CREATIVE_IDENTIFIER","VARCHAR2",4000,"Y"
"ORDER_DELIVERIES_ALL","CREATIVE_NAME","VARCHAR2",4000,"Y"
"ORDER_DELIVERIES_ALL","ADVERTISER","VARCHAR2",4000,"Y"
"ORDER_DELIVERIES_ALL","CAMPAIGN_NAME","VARCHAR2",4000,"Y"
"ORDER_DELIVERIES_ALL","CAMPAIGN_IDENTIFIER","VARCHAR2",4000,"Y"
"ORDER_DELIVERIES_ALL","LEGACY_FROM_DATE","VARCHAR2",4000,"Y"
"ORDER_DELIVERIES_ALL","LEGACY_TO_DATE","VARCHAR2",4000,"Y"
"ORDER_DELIVERIES_ALL","ORDER_ID","VARCHAR2",4000,"Y"
"ORDER_DELIVERIES_ALL","BILLED_FLAG","VARCHAR2",4000,"Y"
"ORDER_DELIVERIES_ALL","BILL_AMOUNT","VARCHAR2",4000,"Y"
"ORDER_DELIVERIES_ALL","PRICING_ATTRIBUTE1","VARCHAR2",4000,"Y"
"ORDER_DELIVERIES_ALL","OVERAGE","VARCHAR2",4000,"Y"
"ORDER_DELIVERIES_ALL","PRICING_ATTRIBUTE2","VARCHAR2",4000,"Y"
"ORDER_DELIVERIES_ALL","PRICING_ATTRIBUTE3","VARCHAR2",4000,"Y"
"ORDER_DELIVERIES_ALL","PRICING_ATTRIBUTE4","VARCHAR2",4000,"Y"
"ORDER_DELIVERIES_ALL","PRICING_ATTRIBUTE5","VARCHAR2",4000,"Y"
"ORDER_DELIVERIES_ALL","PRICING_ATTRIBUTE6","VARCHAR2",4000,"Y"
"ORDER_DELIVERIES_ALL","PRICING_ATTRIBUTE7","VARCHAR2",4000,"Y"
"ORDER_DELIVERIES_ALL","PRICING_ATTRIBUTE8","VARCHAR2",4000,"Y"
"ORDER_DELIVERIES_ALL","PRICING_ATTRIBUTE9","VARCHAR2",4000,"Y"
"ORDER_DELIVERIES_ALL","PRICING_ATTRIBUTE10","VARCHAR2",4000,"Y"
"ORDER_DELIVERIES_ALL","BILLING_SCH_ID","VARCHAR2",4000,"Y"
"ORDER_DELIVERIES_ALL","TRACKING_OPTIONS","VARCHAR2",4000,"Y"
"ORDER_DELIVERIES_ALL","ACTUAL_DELIVERED_QUANTITY","VARCHAR2",4000,"Y"
"ORDER_DELIVERIES_ALL","ADJUSTMENT_DELIVERY_TYPE","VARCHAR2",4000,"Y"
"ORDER_DELIVERIES_ALL","PRICING_ATTRIBUTE11","VARCHAR2",4000,"Y"
"ORDER_DELIVERIES_ALL","PRICING_ATTRIBUTE12","VARCHAR2",4000,"Y"
"ORDER_DELIVERIES_ALL","PRICING_ATTRIBUTE13","VARCHAR2",4000,"Y"
"ORDER_DELIVERIES_ALL","PRICING_ATTRIBUTE15","VARCHAR2",4000,"Y"
"ORDER_DELIVERIES_ALL","PRICING_ATTRIBUTE14","VARCHAR2",4000,"Y"
"ORDER_DELIVERIES_ALL","PRICE","VARCHAR2",4000,"Y"
"ORDER_DELIVERIES_ALL","PRICING_RULE_ID","VARCHAR2",4000,"Y"
"ORDER_DELIVERIES_ALL","DELIVERY_PRICE","VARCHAR2",4000,"Y"
"ORDER_DELIVERIES_ALL","PRICING_ATTRIBUTE21","VARCHAR2",4000,"Y"
"ORDER_DELIVERIES_ALL","PRICING_ATTRIBUTE22","VARCHAR2",4000,"Y"
"ORDER_DELIVERIES_ALL","PRICING_ATTRIBUTE23","VARCHAR2",4000,"Y"
"ORDER_DELIVERIES_ALL","PRICING_ATTRIBUTE24","VARCHAR2",4000,"Y"
"ORDER_DELIVERIES_ALL","PRICING_ATTRIBUTE25","VARCHAR2",4000,"Y"
"ORDER_DELIVERIES_ALL","PRICING_ATTRIBUTE26","VARCHAR2",4000,"Y"
"ORDER_DELIVERIES_ALL","PRICING_ATTRIBUTE27","VARCHAR2",4000,"Y"
"ORDER_DELIVERIES_ALL","PRICING_ATTRIBUTE28","VARCHAR2",4000,"Y"
"ORDER_DELIVERIES_ALL","PRICING_ATTRIBUTE29","VARCHAR2",4000,"Y"
"ORDER_DELIVERIES_ALL","PRICING_ATTRIBUTE30","VARCHAR2",4000,"Y"
"ORDER_DELIVERIES_ALL","PAY_REF_ID","VARCHAR2",4000,"Y"
"ORDER_DELIVERIES_ALL","PAY_ORDER_ID","VARCHAR2",4000,"Y"
"ORDER_DELIVERIES_ALL","PAY_LINE_ID","VARCHAR2",4000,"Y"
"ORDER_DELIVERIES_ALL","PAY_DEL_STATUS","VARCHAR2",4000,"Y"
"ORDER_DELIVERIES_ALL","PAY_SCH_ID","VARCHAR2",4000,"Y"
"ORDER_DELIVERIES_ALL","COSTING_RULE_ID","VARCHAR2",4000,"Y"
"ORDER_DELIVERIES_ALL","LEGAL_ENTITY_ID","VARCHAR2",4000,"Y"
"ORDER_DELIVERIES_ALL","UOM_CODE","VARCHAR2",4000,"Y"
"ORDER_DELIVERIES_ALL","CURRENCY_CODE","VARCHAR2",4000,"Y"
"ORDER_DELIVERIES_ALL","COMPONENT","VARCHAR2",4000,"Y"
"ORDER_DELIVERIES_ALL","SELL_TO_CUST_ORIG_SYS_REF","VARCHAR2",4000,"Y"
"ORDER_DELIVERIES_ALL","SELL_TO_SITE_ORIG_SYS_REF","VARCHAR2",4000,"Y"
"ORDER_DELIVERIES_ALL","REQUEST_ID","VARCHAR2",4000,"Y"
"ORDER_DELIVERIES_ALL","FIN_APP_ORG_ID","VARCHAR2",4000,"Y"
"ORDER_DELIVERIES_ALL","PAYABLE_AMT","VARCHAR2",4000,"Y"
"ORDER_DELIVERIES_ALL","PRICING_ATTRIBUTE16","VARCHAR2",4000,"Y"
"ORDER_DELIVERIES_ALL","PRICING_ATTRIBUTE17","VARCHAR2",4000,"Y"
"ORDER_DELIVERIES_ALL","PRICING_ATTRIBUTE18","VARCHAR2",4000,"Y"
"ORDER_DELIVERIES_ALL","PRICING_ATTRIBUTE19","VARCHAR2",4000,"Y"
"ORDER_DELIVERIES_ALL","PRICING_ATTRIBUTE20","VARCHAR2",4000,"Y"
"ORDER_DELIVERIES_ALL","SELL_TO_SITE_NUMBER","VARCHAR2",4000,"Y"
"ORDER_DELIVERIES_ALL","SELL_TO_CUSTOMER_NUMBER","VARCHAR2",4000,"Y"
"ORDER_DELIVERIES_ALL","PRICED_DATE","VARCHAR2",4000,"Y"
"ORDER_DELIVERIES_ALL","SUPPLIER_ID","VARCHAR2",4000,"Y"
"ORDER_DELIVERIES_ALL","SUPPLIER_SITE_ID","VARCHAR2",4000,"Y"
"ORDER_DELIVERIES_ALL","CONTACT_ID","VARCHAR2",4000,"Y"
"ORDER_DELIVERIES_ALL","PAYMENT_STATUS","VARCHAR2",4000,"Y"
"ORDER_DELIVERIES_ALL","PRICED_QUANTITY","VARCHAR2",4000,"Y"
"ORDER_DELIVERIES_ALL","PRICE_OVERRIDE","VARCHAR2",4000,"Y"
"ORDER_DELIVERIES_ALL","PRICING_BATCH","VARCHAR2",4000,"Y"
"ORDER_DELIVERIES_ALL","COST_OVERRIDE","VARCHAR2",4000,"Y"
"ORDER_DELIVERIES_ALL","PRICING_IN_PROCESS","VARCHAR2",4000,"Y"
"ORDER_DELIVERIES_ALL","PAYMENT_INVOICE_NUMBER","VARCHAR2",4000,"Y"
"ORDER_DELIVERIES_ALL","PAY_SCHEDULE_ID","VARCHAR2",4000,"Y"
"ORDER_DELIVERIES_ALL","BATCH_NUMBER","VARCHAR2",4000,"Y"
"ORDER_DELIVERIES_ALL","COSTED_DATE","VARCHAR2",4000,"Y"
"ORDER_DELIVERIES_ALL","COST_ERROR_MESSAGE","VARCHAR2",4000,"Y"
"ORDER_DELIVERIES_ALL","SOURCE_QUANTITY","VARCHAR2",4000,"Y"
"ORDER_DELIVERIES_ALL","REVENUE_STATUS","VARCHAR2",4000,"Y"
"ORDER_DELIVERIES_ALL","REVENUE_ERROR_MESSAGE","VARCHAR2",4000,"Y"
"ORDER_DELIVERIES_ALL","REVENUE_IDENTIFIED_DATE","VARCHAR2",4000,"Y"
"ORDER_DELIVERIES_ALL","PAYMENT_SCH_STATUS","VARCHAR2",4000,"Y"
"ORDER_DELIVERIES_ALL","ATTRIBUTE6_D","VARCHAR2",4000,"Y"
"ORDER_DELIVERIES_ALL","ATTRIBUTE7_D","VARCHAR2",4000,"Y"
"ORDER_DELIVERIES_ALL","ATTRIBUTE8_D","VARCHAR2",4000,"Y"
"ORDER_DELIVERIES_ALL","ATTRIBUTE9_D","VARCHAR2",4000,"Y"
"ORDER_DELIVERIES_ALL","ATTRIBUTE10_D","VARCHAR2",4000,"Y"
"ORDER_DELIVERIES_ALL","ATTRIBUTE6_N","VARCHAR2",4000,"Y"
"ORDER_DELIVERIES_ALL","ATTRIBUTE7_N","VARCHAR2",4000,"Y"
"ORDER_DELIVERIES_ALL","ATTRIBUTE8_N","VARCHAR2",4000,"Y"
"ORDER_DELIVERIES_ALL","ATTRIBUTE9_N","VARCHAR2",4000,"Y"
"ORDER_DELIVERIES_ALL","ATTRIBUTE10_N","VARCHAR2",4000,"Y"
"ORDER_DELIVERIES_ALL","ATTRIBUTE16_V","VARCHAR2",4000,"Y"
"ORDER_DELIVERIES_ALL","ATTRIBUTE17_V","VARCHAR2",4000,"Y"
"ORDER_DELIVERIES_ALL","ATTRIBUTE18_V","VARCHAR2",4000,"Y"
"ORDER_DELIVERIES_ALL","ATTRIBUTE19_V","VARCHAR2",4000,"Y"
"ORDER_DELIVERIES_ALL","ATTRIBUTE20_V","VARCHAR2",4000,"Y"
"ORDER_DELIVERIES_ALL","ATTRIBUTE21_V","VARCHAR2",4000,"Y"
"ORDER_DELIVERIES_ALL","ATTRIBUTE22_V","VARCHAR2",4000,"Y"
"ORDER_DELIVERIES_ALL","ATTRIBUTE23_V","VARCHAR2",4000,"Y"
"ORDER_DELIVERIES_ALL","ATTRIBUTE24_V","VARCHAR2",4000,"Y"
"ORDER_DELIVERIES_ALL","ATTRIBUTE25_V","VARCHAR2",4000,"Y"
"ORDER_DELIVERIES_ALL","ATTRIBUTE26_V","VARCHAR2",4000,"Y"
"ORDER_DELIVERIES_ALL","ATTRIBUTE27_V","VARCHAR2",4000,"Y"
"ORDER_DELIVERIES_ALL","ATTRIBUTE28_V","VARCHAR2",4000,"Y"
"ORDER_DELIVERIES_ALL","ATTRIBUTE29_V","VARCHAR2",4000,"Y"
"ORDER_DELIVERIES_ALL","ATTRIBUTE30_V","VARCHAR2",4000,"Y"
"ORDER_DELIVERIES_ALL","ATTRIBUTE31_V","VARCHAR2",4000,"Y"
"ORDER_DELIVERIES_ALL","ATTRIBUTE32_V","VARCHAR2",4000,"Y"
"ORDER_DELIVERIES_ALL","ATTRIBUTE33_V","VARCHAR2",4000,"Y"
"ORDER_DELIVERIES_ALL","ATTRIBUTE34_V","VARCHAR2",4000,"Y"
"ORDER_DELIVERIES_ALL","ATTRIBUTE35_V","VARCHAR2",4000,"Y"
"ORDER_DELIVERIES_ALL","ATTRIBUTE36_V","VARCHAR2",4000,"Y"
"ORDER_DELIVERIES_ALL","ATTRIBUTE37_V","VARCHAR2",4000,"Y"
"ORDER_DELIVERIES_ALL","ATTRIBUTE38_V","VARCHAR2",4000,"Y"
"ORDER_DELIVERIES_ALL","ATTRIBUTE39_V","VARCHAR2",4000,"Y"
"ORDER_DELIVERIES_ALL","ATTRIBUTE40_V","VARCHAR2",4000,"Y"
"ORDER_DELIVERIES_ALL","PAY_ORG_ID","VARCHAR2",4000,"Y"
"ORDER_DELIVERIES_ALL","PAY_CURRENCY","VARCHAR2",4000,"Y"
"ORDER_DELIVERIES_ALL","USER_PRICED_FLAG","VARCHAR2",4000,"Y"
"ORDER_DELIVERIES_ALL","USER_COSTED_FLAG","VARCHAR2",4000,"Y"
"ORDER_DELIVERIES_ALL","REBILL_BATCH_ID","VARCHAR2",4000,"Y"
"ORDER_DELIVERIES_ALL","BILLING_EXCLUDE_FLAG","VARCHAR2",4000,"Y"
"ORDER_DELIVERIES_ALL","COPY_FLAG","VARCHAR2",4000,"Y"
"ORDER_DELIVERIES_ALL","AUDIT_REQ_ID","VARCHAR2",4000,"Y"
"ORDER_DELIVERIES_ALL","HIERARCHY_ATTRIBUTE1","VARCHAR2",4000,"Y"
"ORDER_DELIVERIES_ALL","HIERARCHY_ATTRIBUTE1_V","VARCHAR2",4000,"Y"
"ORDER_DELIVERIES_ALL","HIERARCHY_ATTRIBUTE2","VARCHAR2",4000,"Y"
"ORDER_DELIVERIES_ALL","HIERARCHY_ATTRIBUTE2_V","VARCHAR2",4000,"Y"
"ORDER_DELIVERIES_ALL","HIERARCHY_ATTRIBUTE3","VARCHAR2",4000,"Y"
"ORDER_DELIVERIES_ALL","HIERARCHY_ATTRIBUTE3_V","VARCHAR2",4000,"Y"
"ORDER_DELIVERIES_ALL","HIERARCHY_ATTRIBUTE4","VARCHAR2",4000,"Y"
"ORDER_DELIVERIES_ALL","HIERARCHY_ATTRIBUTE4_V","VARCHAR2",4000,"Y"
"ORDER_DELIVERIES_ALL","HIERARCHY_ATTRIBUTE5","VARCHAR2",4000,"Y"
"ORDER_DELIVERIES_ALL","HIERARCHY_ATTRIBUTE5_V","VARCHAR2",4000,"Y"
"ORDER_DELIVERIES_ALL","BILL_TIER_BASE_AMOUNT","VARCHAR2",4000,"Y"
"ORDER_DELIVERIES_ALL","BILL_TIER_VARIABLE_AMOUNT","VARCHAR2",4000,"Y"
"ORDER_DELIVERIES_ALL","BILL_TIER_VARIANCE_AMOUNT","VARCHAR2",4000,"Y"
"ORDER_DELIVERIES_ALL","PAY_TIER_BASE_AMOUNT","VARCHAR2",4000,"Y"
"ORDER_DELIVERIES_ALL","PAY_TIER_VARIABLE_AMOUNT","VARCHAR2",4000,"Y"
"ORDER_DELIVERIES_ALL","PAY_TIER_VARIANCE_AMOUNT","VARCHAR2",4000,"Y"
"ORDER_DELIVERIES_ALL","ASSET_SERIAL_NUMBER","VARCHAR2",4000,"Y"
"ORDER_DELIVERIES_ALL","ASSET_TXN_NO","VARCHAR2",4000,"Y"
"ORDER_DELIVERIES_ALL","ASSET_BOOKING_REF_NO","VARCHAR2",4000,"Y"
"ORDER_DELIVERIES_ALL","ASSET_ASSET_TYPE","VARCHAR2",4000,"Y"
"ORDER_DELIVERIES_ALL","ASSET_START_DATE","VARCHAR2",4000,"Y"
"ORDER_DELIVERIES_ALL","ASSET_END_DATE","VARCHAR2",4000,"Y"
"ORDER_DELIVERIES_ALL","ASSET_CHKOUT_LOCATION","VARCHAR2",4000,"Y"
"ORDER_DELIVERIES_ALL","REV_EVENT_FLAG","VARCHAR2",4000,"Y"
"ORDER_DELIVERIES_ALL","COST_COMPONENT_NAME","VARCHAR2",4000,"Y"
"ORDER_DELIVERIES_ALL","EXCHANGE_RATE_DATE","VARCHAR2",4000,"Y"
"ORDER_DELIVERIES_ALL","EXCHANGE_RATE","VARCHAR2",4000,"Y"
"ORDER_DELIVERIES_ALL","COST_LINE_TYPE","VARCHAR2",4000,"Y"
"ORDER_DELIVERIES_ALL","REV_IFACE_FLAG","VARCHAR2",4000,"Y"
"ORDER_DELIVERIES_ALL","COST_COMP_ID","VARCHAR2",4000,"Y"
"ORDER_DELIVERIES_ALL","COST_TRANSACTIONAL_CURRENCY","VARCHAR2",4000,"Y"
"ORDER_DELIVERIES_ALL","COST_TRANS_CURRENCY_CODE","VARCHAR2",4000,"Y"
"ORDER_DELIVERIES_ALL","COST_REFRESH_FLAG","VARCHAR2",4000,"Y"
"ORDER_DELIVERIES_ALL","SCHEDULE_TRX_NUMBER","VARCHAR2",4000,"Y"
"ORDER_DELIVERIES_ALL","ASSET_NUMBER","VARCHAR2",4000,"Y"
"ORDER_DELIVERIES_ALL","REVENUE_LINE_TYPE","VARCHAR2",4000,"Y"
"ORDER_DELIVERIES_ALL","BATCH_ID","VARCHAR2",4000,"Y"
"ORDER_DELIVERIES_ALL","SOURCE_FILE_NAME","VARCHAR2",4000,"Y"
"ORDER_HEADER_ALL","ORDER_ID","VARCHAR2",4000,"Y"
"ORDER_HEADER_ALL","ORDER_NUMBER","VARCHAR2",4000,"Y"
"ORDER_HEADER_ALL","ORDER_VERSION","VARCHAR2",4000,"Y"
"ORDER_HEADER_ALL","STATUS","VARCHAR2",4000,"Y"
"ORDER_HEADER_ALL","EFFECTIVE_START_DATE","VARCHAR2",4000,"Y"
"ORDER_HEADER_ALL","EFFECTIVE_END_DATE","VARCHAR2",4000,"Y"
"ORDER_HEADER_ALL","RENEWAL_TERM","VARCHAR2",4000,"Y"
"ORDER_HEADER_ALL","RENEWAL_DATE","VARCHAR2",4000,"Y"
"ORDER_HEADER_ALL","CUSTOMER_SOURCE","VARCHAR2",4000,"Y"
"ORDER_HEADER_ALL","BILL_TO_CUSTOMER_ID","VARCHAR2",4000,"Y"
"ORDER_HEADER_ALL","BILL_TO_SITE_ID","VARCHAR2",4000,"Y"
"ORDER_HEADER_ALL","SALESREP","VARCHAR2",4000,"Y"
"ORDER_HEADER_ALL","SELL_TO_SITE_ID","VARCHAR2",4000,"Y"
"ORDER_HEADER_ALL","CUSTOMER_CONTACT_ID","VARCHAR2",4000,"Y"
"ORDER_HEADER_ALL","SELL_TO_CUSTOMER_ID","VARCHAR2",4000,"Y"
"ORDER_HEADER_ALL","CUSTOMER_CONTACT_PHONE","VARCHAR2",4000,"Y"
"ORDER_HEADER_ALL","CUSTOMER_CONTACT_EMAIL","VARCHAR2",4000,"Y"
"ORDER_HEADER_ALL","CUSTOMER_PO_NUMBER","VARCHAR2",4000,"Y"
"ORDER_HEADER_ALL","EMPLOYEE_ID","VARCHAR2",4000,"Y"
"ORDER_HEADER_ALL","BILLING_BATCH","VARCHAR2",4000,"Y"
"ORDER_HEADER_ALL","BILLING_CYCLE","VARCHAR2",4000,"Y"
"ORDER_HEADER_ALL","BILLING_FREQUENCY","VARCHAR2",4000,"Y"
"ORDER_HEADER_ALL","MIN_ORD_BILL_AMT","VARCHAR2",4000,"Y"
"ORDER_HEADER_ALL","MAX_ORD_BILL_AMT","VARCHAR2",4000,"Y"
"ORDER_HEADER_ALL","PAYMENT_TERM","VARCHAR2",4000,"Y"
"ORDER_HEADER_ALL","PAYMENT_METHOD","VARCHAR2",4000,"Y"
"ORDER_HEADER_ALL","INVOICING_RULE","VARCHAR2",4000,"Y"
"ORDER_HEADER_ALL","CURRENCY","VARCHAR2",4000,"Y"
"ORDER_HEADER_ALL","PRICE_LIST","VARCHAR2",4000,"Y"
"ORDER_HEADER_ALL","NEXT_RENEWAL_DATE","VARCHAR2",4000,"Y"
"ORDER_HEADER_ALL","RENEWAL_PRICE_CHANGE","VARCHAR2",4000,"Y"
"ORDER_HEADER_ALL","BOOKED_DATE","VARCHAR2",4000,"Y"
"ORDER_HEADER_ALL","TERMINATION_DATE","VARCHAR2",4000,"Y"
"ORDER_HEADER_ALL","DELIVERY_CHANNEL","VARCHAR2",4000,"Y"
"ORDER_HEADER_ALL","TOTAL_ORDER_BUDGET","VARCHAR2",4000,"Y"
"ORDER_HEADER_ALL","NOTES","VARCHAR2",4000,"Y"
"ORDER_HEADER_ALL","CREATION_DATE","VARCHAR2",4000,"Y"
"ORDER_HEADER_ALL","CREATED_BY","VARCHAR2",4000,"Y"
"ORDER_HEADER_ALL","LAST_UPDATE_DATE","VARCHAR2",4000,"Y"
"ORDER_HEADER_ALL","LAST_UPDATED_BY","VARCHAR2",4000,"Y"
"ORDER_HEADER_ALL","SOURCE_ID","VARCHAR2",4000,"Y"
"ORDER_HEADER_ALL","ORG_ID","VARCHAR2",4000,"Y"
"ORDER_HEADER_ALL","TENANT_ID","VARCHAR2",4000,"Y"
"ORDER_HEADER_ALL","ATTRIBUTE_CONTEXT","VARCHAR2",4000,"Y"
"ORDER_HEADER_ALL","ATTRIBUTE1_D","VARCHAR2",4000,"Y"
"ORDER_HEADER_ALL","ATTRIBUTE2_D","VARCHAR2",4000,"Y"
"ORDER_HEADER_ALL","ATTRIBUTE3_D","VARCHAR2",4000,"Y"
"ORDER_HEADER_ALL","ATTRIBUTE4_D","VARCHAR2",4000,"Y"
"ORDER_HEADER_ALL","ATTRIBUTE5_D","VARCHAR2",4000,"Y"
"ORDER_HEADER_ALL","ATTRIBUTE1_N","VARCHAR2",4000,"Y"
"ORDER_HEADER_ALL","ATTRIBUTE2_N","VARCHAR2",4000,"Y"
"ORDER_HEADER_ALL","ATTRIBUTE3_N","VARCHAR2",4000,"Y"
"ORDER_HEADER_ALL","ATTRIBUTE4_N","VARCHAR2",4000,"Y"
"ORDER_HEADER_ALL","ATTRIBUTE5_N","VARCHAR2",4000,"Y"
"ORDER_HEADER_ALL","ATTRIBUTE1_V","VARCHAR2",4000,"Y"
"ORDER_HEADER_ALL","ATTRIBUTE2_V","VARCHAR2",4000,"Y"
"ORDER_HEADER_ALL","ATTRIBUTE3_V","VARCHAR2",4000,"Y"
"ORDER_HEADER_ALL","ATTRIBUTE4_V","VARCHAR2",4000,"Y"
"ORDER_HEADER_ALL","ATTRIBUTE5_V","VARCHAR2",4000,"Y"
"ORDER_HEADER_ALL","ATTRIBUTE6_V","VARCHAR2",4000,"Y"
"ORDER_HEADER_ALL","ATTRIBUTE7_V","VARCHAR2",4000,"Y"
"ORDER_HEADER_ALL","ATTRIBUTE8_V","VARCHAR2",4000,"Y"
"ORDER_HEADER_ALL","ATTRIBUTE9_V","VARCHAR2",4000,"Y"
"ORDER_HEADER_ALL","ATTRIBUTE10_V","VARCHAR2",4000,"Y"
"ORDER_HEADER_ALL","ATTRIBUTE11_V","VARCHAR2",4000,"Y"
"ORDER_HEADER_ALL","ATTRIBUTE12_V","VARCHAR2",4000,"Y"
"ORDER_HEADER_ALL","ATTRIBUTE13_V","VARCHAR2",4000,"Y"
"ORDER_HEADER_ALL","ATTRIBUTE14_V","VARCHAR2",4000,"Y"
"ORDER_HEADER_ALL","ATTRIBUTE15_V","VARCHAR2",4000,"Y"
"ORDER_HEADER_ALL","RENEWED_ORDER_ID","VARCHAR2",4000,"Y"
"ORDER_HEADER_ALL","CAMPAIGN_ID","VARCHAR2",4000,"Y"
"ORDER_HEADER_ALL","INSERTION_ORDER_ID","VARCHAR2",4000,"Y"
"ORDER_HEADER_ALL","ADSERVER_STATUS","VARCHAR2",4000,"Y"
"ORDER_HEADER_ALL","PAYMENT_AMOUNT","VARCHAR2",4000,"Y"
"ORDER_HEADER_ALL","CHECK_NUMBER","VARCHAR2",4000,"Y"
"ORDER_HEADER_ALL","CREDIT_CARD_TYPE","VARCHAR2",4000,"Y"
"ORDER_HEADER_ALL","CREDIT_CARD_NUMBER","VARCHAR2",4000,"Y"
"ORDER_HEADER_ALL","CREDIT_CARD_HOLDER_NAME","VARCHAR2",4000,"Y"
"ORDER_HEADER_ALL","CREDIT_CARD_EXPIRATION_DATE","VARCHAR2",4000,"Y"
"ORDER_HEADER_ALL","CREDIT_CARD_APPROVAL_CODE","VARCHAR2",4000,"Y"
"ORDER_HEADER_ALL","ORDER_TYPE","VARCHAR2",4000,"Y"
"ORDER_HEADER_ALL","CAMPAIGN_NAME","VARCHAR2",4000,"Y"
"ORDER_HEADER_ALL","REFERENCE_NUMBER","VARCHAR2",4000,"Y"
"ORDER_HEADER_ALL","DEAL_NUMBER","VARCHAR2",4000,"Y"
"ORDER_HEADER_ALL","OVERAGE_FREQUENCY","VARCHAR2",4000,"Y"
"ORDER_HEADER_ALL","BILLING_CHANNEL","VARCHAR2",4000,"Y"
"ORDER_HEADER_ALL","ORDER_CATEGORY","VARCHAR2",4000,"Y"
"ORDER_HEADER_ALL","AGENCY_DISCOUNT","VARCHAR2",4000,"Y"
"ORDER_HEADER_ALL","SALRESREP_ID","VARCHAR2",4000,"Y"
"ORDER_HEADER_ALL","SALESREP_ID","VARCHAR2",4000,"Y"
"ORDER_HEADER_ALL","BILL_TO_CONTACT_ID","VARCHAR2",4000,"Y"
"ORDER_HEADER_ALL","SELL_TO_CONTACT_ID","VARCHAR2",4000,"Y"
"ORDER_HEADER_ALL","PRICE_LIST_ID","VARCHAR2",4000,"Y"
"ORDER_HEADER_ALL","INVOICE_ADJ","VARCHAR2",4000,"Y"
"ORDER_HEADER_ALL","INTERFACE_ADJ","VARCHAR2",4000,"Y"
"ORDER_HEADER_ALL","BILLING_REVIEW_IND","VARCHAR2",4000,"Y"
"ORDER_HEADER_ALL","SPL_INSTR","VARCHAR2",4000,"Y"
"ORDER_HEADER_ALL","RENEWAL_IND","VARCHAR2",4000,"Y"
"ORDER_HEADER_ALL","TERRITORY_CODE","VARCHAR2",4000,"Y"
"ORDER_HEADER_ALL","EXT_REFERENCE_NUMBER","VARCHAR2",4000,"Y"
"ORDER_HEADER_ALL","CR","VARCHAR2",4000,"Y"
"ORDER_HEADER_ALL","ORIG_ORDER_ID","VARCHAR2",4000,"Y"
"ORDER_HEADER_ALL","ATTRIBUTE6_D","VARCHAR2",4000,"Y"
"ORDER_HEADER_ALL","ATTRIBUTE7_D","VARCHAR2",4000,"Y"
"ORDER_HEADER_ALL","ATTRIBUTE8_D","VARCHAR2",4000,"Y"
"ORDER_HEADER_ALL","ATTRIBUTE9_D","VARCHAR2",4000,"Y"
"ORDER_HEADER_ALL","ATTRIBUTE10_D","VARCHAR2",4000,"Y"
"ORDER_HEADER_ALL","ATTRIBUTE11_D","VARCHAR2",4000,"Y"
"ORDER_HEADER_ALL","ATTRIBUTE12_D","VARCHAR2",4000,"Y"
"ORDER_HEADER_ALL","ATTRIBUTE13_D","VARCHAR2",4000,"Y"
"ORDER_HEADER_ALL","ATTRIBUTE14_D","VARCHAR2",4000,"Y"
"ORDER_HEADER_ALL","ATTRIBUTE15_D","VARCHAR2",4000,"Y"
"ORDER_HEADER_ALL","ATTRIBUTE6_N","VARCHAR2",4000,"Y"
"ORDER_HEADER_ALL","ATTRIBUTE7_N","VARCHAR2",4000,"Y"
"ORDER_HEADER_ALL","ATTRIBUTE8_N","VARCHAR2",4000,"Y"
"ORDER_HEADER_ALL","ATTRIBUTE9_N","VARCHAR2",4000,"Y"
"ORDER_HEADER_ALL","ATTRIBUTE10_N","VARCHAR2",4000,"Y"
"ORDER_HEADER_ALL","ATTRIBUTE11_N","VARCHAR2",4000,"Y"
"ORDER_HEADER_ALL","ATTRIBUTE12_N","VARCHAR2",4000,"Y"
"ORDER_HEADER_ALL","ATTRIBUTE13_N","VARCHAR2",4000,"Y"
"ORDER_HEADER_ALL","ATTRIBUTE14_N","VARCHAR2",4000,"Y"
"ORDER_HEADER_ALL","ATTRIBUTE15_N","VARCHAR2",4000,"Y"
"ORDER_HEADER_ALL","EVERGREEN_FLAG","VARCHAR2",4000,"Y"
"ORDER_HEADER_ALL","EVERGREEN_END_DATE","VARCHAR2",4000,"Y"
"ORDER_HEADER_ALL","ATTRIBUTE16_V","VARCHAR2",4000,"Y"
"ORDER_HEADER_ALL","ATTRIBUTE17_V","VARCHAR2",4000,"Y"
"ORDER_HEADER_ALL","ATTRIBUTE18_V","VARCHAR2",4000,"Y"
"ORDER_HEADER_ALL","ATTRIBUTE19_V","VARCHAR2",4000,"Y"
"ORDER_HEADER_ALL","ATTRIBUTE20_V","VARCHAR2",4000,"Y"
"ORDER_HEADER_ALL","ATTRIBUTE21_V","VARCHAR2",4000,"Y"
"ORDER_HEADER_ALL","ATTRIBUTE22_V","VARCHAR2",4000,"Y"
"ORDER_HEADER_ALL","ATTRIBUTE23_V","VARCHAR2",4000,"Y"
"ORDER_HEADER_ALL","ATTRIBUTE24_V","VARCHAR2",4000,"Y"
"ORDER_HEADER_ALL","ATTRIBUTE25_V","VARCHAR2",4000,"Y"
"ORDER_HEADER_ALL","INTERFACE_ADJ_MONTHS","VARCHAR2",4000,"Y"
"ORDER_HEADER_ALL","INVOICE_ADJ_MONTHS","VARCHAR2",4000,"Y"
"ORDER_HEADER_ALL","LEGAL_ENTITY_ID","VARCHAR2",4000,"Y"
"ORDER_HEADER_ALL","SUPP_ORDER_CHK","VARCHAR2",4000,"Y"
"ORDER_HEADER_ALL","ACTIVATION_REQUEST_ID","VARCHAR2",4000,"Y"
"ORDER_HEADER_ALL","INTENT","VARCHAR2",4000,"Y"
"ORDER_HEADER_ALL","REVUENUE_ATTRIBUTE1_V","VARCHAR2",4000,"Y"
"ORDER_HEADER_ALL","REVUENUE_ATTRIBUTE2_V","VARCHAR2",4000,"Y"
"ORDER_HEADER_ALL","REVUENUE_ATTRIBUTE3_V","VARCHAR2",4000,"Y"
"ORDER_HEADER_ALL","REVUENUE_ATTRIBUTE4_V","VARCHAR2",4000,"Y"
"ORDER_HEADER_ALL","REVUENUE_ATTRIBUTE5_V","VARCHAR2",4000,"Y"
"ORDER_HEADER_ALL","REVUENUE_ATTRIBUTE6_V","VARCHAR2",4000,"Y"
"ORDER_HEADER_ALL","REVUENUE_ATTRIBUTE7_V","VARCHAR2",4000,"Y"
"ORDER_HEADER_ALL","REVUENUE_ATTRIBUTE8_V","VARCHAR2",4000,"Y"
"ORDER_HEADER_ALL","REVUENUE_ATTRIBUTE9_V","VARCHAR2",4000,"Y"
"ORDER_HEADER_ALL","REVUENUE_ATTRIBUTE10_V","VARCHAR2",4000,"Y"
"ORDER_HEADER_ALL","REVUENUE_ATTRIBUTE11_V","VARCHAR2",4000,"Y"
"ORDER_HEADER_ALL","REVUENUE_ATTRIBUTE12_V","VARCHAR2",4000,"Y"
"ORDER_HEADER_ALL","REVUENUE_ATTRIBUTE13_V","VARCHAR2",4000,"Y"
"ORDER_HEADER_ALL","REVUENUE_ATTRIBUTE14_V","VARCHAR2",4000,"Y"
"ORDER_HEADER_ALL","REVUENUE_ATTRIBUTE15_V","VARCHAR2",4000,"Y"
"ORDER_HEADER_ALL","REVUENUE_ATTRIBUTE1_N","VARCHAR2",4000,"Y"
"ORDER_HEADER_ALL","REVUENUE_ATTRIBUTE2_N","VARCHAR2",4000,"Y"
"ORDER_HEADER_ALL","REVUENUE_ATTRIBUTE3_N","VARCHAR2",4000,"Y"
"ORDER_HEADER_ALL","REVUENUE_ATTRIBUTE4_N","VARCHAR2",4000,"Y"
"ORDER_HEADER_ALL","REVUENUE_ATTRIBUTE5_N","VARCHAR2",4000,"Y"
"ORDER_HEADER_ALL","REVUENUE_ATTRIBUTE6_N","VARCHAR2",4000,"Y"
"ORDER_HEADER_ALL","REVUENUE_ATTRIBUTE7_N","VARCHAR2",4000,"Y"
"ORDER_HEADER_ALL","REVUENUE_ATTRIBUTE8_N","VARCHAR2",4000,"Y"
"ORDER_HEADER_ALL","REVUENUE_ATTRIBUTE9_N","VARCHAR2",4000,"Y"
"ORDER_HEADER_ALL","REVUENUE_ATTRIBUTE10_N","VARCHAR2",4000,"Y"
"ORDER_HEADER_ALL","REVUENUE_ATTRIBUTE1_D","VARCHAR2",4000,"Y"
"ORDER_HEADER_ALL","REVUENUE_ATTRIBUTE2_D","VARCHAR2",4000,"Y"
"ORDER_HEADER_ALL","REVUENUE_ATTRIBUTE3_D","VARCHAR2",4000,"Y"
"ORDER_HEADER_ALL","REVUENUE_ATTRIBUTE4_D","VARCHAR2",4000,"Y"
"ORDER_HEADER_ALL","REVUENUE_ATTRIBUTE5_D","VARCHAR2",4000,"Y"
"ORDER_HEADER_ALL","ACTIVATION_DATE","VARCHAR2",4000,"Y"
"ORDER_HEADER_ALL","AMENDMENT_FLAG","VARCHAR2",4000,"Y"
"ORDER_HEADER_ALL","RENEW_CONTRACT_FLAG","VARCHAR2",4000,"Y"
"ORDER_HEADER_ALL","RENEWAL_PRICE_CHANGE_FIXED_AMT","VARCHAR2",4000,"Y"
"ORDER_HEADER_ALL","PRICE_UPLIFT_RENEWAL_FLAG","VARCHAR2",4000,"Y"
"ORDER_HEADER_ALL","PRICE_UPLIFT","VARCHAR2",4000,"Y"
"ORDER_HEADER_ALL","ORIGINAL_ORDER_NUMBER","VARCHAR2",4000,"Y"
"ORDER_HEADER_ALL","RENEW_FLAG","VARCHAR2",4000,"Y"
"ORDER_HEADER_ALL","RENEW_BASIS","VARCHAR2",4000,"Y"
"ORDER_HEADER_ALL","PRICE","VARCHAR2",4000,"Y"
"ORDER_HEADER_ALL","RENEWAL_CYCLE","VARCHAR2",4000,"Y"
"ORDER_HEADER_ALL","EXTEND_LINE_WITH_RENEWAL_TERM","VARCHAR2",4000,"Y"
"ORDER_HEADER_ALL","RENEWAL_ORDER_COUNT","VARCHAR2",4000,"Y"
"ORDER_HEADER_ALL","RENEWAL_PRICE_CHANGE_TYPE","VARCHAR2",4000,"Y"
"ORDER_HEADER_ALL","DO_NOT_BILL_FLAG","VARCHAR2",4000,"Y"
"ORDER_HEADER_ALL","AMENDMENT_AUDIT","VARCHAR2",4000,"Y"
"ORDER_HEADER_ALL","POWER_SURCHARGE_VALUE","VARCHAR2",4000,"Y"
"ORDER_HEADER_ALL","BATCH_ID","VARCHAR2",4000,"Y"
"ORDER_HEADER_ALL","FILE_NAME","VARCHAR2",4000,"Y"
"ORDER_HEADER_ALL","BILL_RUN_REPROCESS_FLAG","VARCHAR2",4000,"Y"
"ORDER_HEADER_ALL","REASON_CODE","VARCHAR2",4000,"Y"
"ORDER_HEADER_ALL","EFFECTIVITY_DATE","VARCHAR2",4000,"Y"
"ORDER_HEADER_ALL","FINANCIAL_REQUIRED","VARCHAR2",4000,"Y"
"ORDER_HEADER_ALL","AMENDMENT_REFLECTIVE","VARCHAR2",4000,"Y"
"ORDER_HEADER_ALL","VERSION","VARCHAR2",4000,"Y"
"ORDER_LINES_ALL","LINE_ID","VARCHAR2",4000,"Y"
"ORDER_LINES_ALL","ORDER_ID","VARCHAR2",4000,"Y"
"ORDER_LINES_ALL","LINE_NUMBER","VARCHAR2",4000,"Y"
"ORDER_LINES_ALL","ITEM_SOURCE","VARCHAR2",4000,"Y"
"ORDER_LINES_ALL","ITEM_ID","VARCHAR2",4000,"Y"
"ORDER_LINES_ALL","UNIT_PRICE","VARCHAR2",4000,"Y"
"ORDER_LINES_ALL","EFFECTIVE_START_DATE","VARCHAR2",4000,"Y"
"ORDER_LINES_ALL","EFFECTIVE_END_DATE","VARCHAR2",4000,"Y"
"ORDER_LINES_ALL","LINE_TYPE","VARCHAR2",4000,"Y"
"ORDER_LINES_ALL","BILLING_TRIGGER","VARCHAR2",4000,"Y"
"ORDER_LINES_ALL","BILLING_COMPLETE","VARCHAR2",4000,"Y"
"ORDER_LINES_ALL","TRACKING_OPTIONS","VARCHAR2",4000,"Y"
"ORDER_LINES_ALL","STOP_BILLING","VARCHAR2",4000,"Y"
"ORDER_LINES_ALL","ACCOUNTING_RULE","VARCHAR2",4000,"Y"
"ORDER_LINES_ALL","REV_START_DATE","VARCHAR2",4000,"Y"
"ORDER_LINES_ALL","REV_END_DATE","VARCHAR2",4000,"Y"
"ORDER_LINES_ALL","ORDERED_QUANTITY","VARCHAR2",4000,"Y"
"ORDER_LINES_ALL","LINE_TAX","VARCHAR2",4000,"Y"
"ORDER_LINES_ALL","FREIGHT_CHARGE","VARCHAR2",4000,"Y"
"ORDER_LINES_ALL","MISC_CHARGE","VARCHAR2",4000,"Y"
"ORDER_LINES_ALL","STATUS","VARCHAR2",4000,"Y"
"ORDER_LINES_ALL","LINE_REFERENCE_NUMBER","VARCHAR2",4000,"Y"
"ORDER_LINES_ALL","MAKE_GOOD_BILLING","VARCHAR2",4000,"Y"
"ORDER_LINES_ALL","MAKE_GOOD_REVENUE","VARCHAR2",4000,"Y"
"ORDER_LINES_ALL","MAKE_GOOD_RESOLUTION","VARCHAR2",4000,"Y"
"ORDER_LINES_ALL","MAKE_GOOD_QTY","VARCHAR2",4000,"Y"
"ORDER_LINES_ALL","FREE_MONTHS","VARCHAR2",4000,"Y"
"ORDER_LINES_ALL","FREE_EOM","VARCHAR2",4000,"Y"
"ORDER_LINES_ALL","NO_OF_LOCATIONS","VARCHAR2",4000,"Y"
"ORDER_LINES_ALL","LOCATION_MAX_AMT","VARCHAR2",4000,"Y"
"ORDER_LINES_ALL","LOCATION_MIN_AMT","VARCHAR2",4000,"Y"
"ORDER_LINES_ALL","MAX_LINE_BILL_AMT","VARCHAR2",4000,"Y"
"ORDER_LINES_ALL","CREATION_DATE","VARCHAR2",4000,"Y"
"ORDER_LINES_ALL","CREATED_BY","VARCHAR2",4000,"Y"
"ORDER_LINES_ALL","LAST_UPDATE_DATE","VARCHAR2",4000,"Y"
"ORDER_LINES_ALL","LAST_UPDATED_BY","VARCHAR2",4000,"Y"
"ORDER_LINES_ALL","SOURCE_ID","VARCHAR2",4000,"Y"
"ORDER_LINES_ALL","ORG_ID","VARCHAR2",4000,"Y"
"ORDER_LINES_ALL","TENANT_ID","VARCHAR2",4000,"Y"
"ORDER_LINES_ALL","ATTRIBUTE_CONTEXT","VARCHAR2",4000,"Y"
"ORDER_LINES_ALL","ATTRIBUTE1_D","VARCHAR2",4000,"Y"
"ORDER_LINES_ALL","ATTRIBUTE2_D","VARCHAR2",4000,"Y"
"ORDER_LINES_ALL","ATTRIBUTE3_D","VARCHAR2",4000,"Y"
"ORDER_LINES_ALL","ATTRIBUTE4_D","VARCHAR2",4000,"Y"
"ORDER_LINES_ALL","ATTRIBUTE5_D","VARCHAR2",4000,"Y"
"ORDER_LINES_ALL","ATTRIBUTE1_N","VARCHAR2",4000,"Y"
"ORDER_LINES_ALL","ATTRIBUTE2_N","VARCHAR2",4000,"Y"
"ORDER_LINES_ALL","ATTRIBUTE3_N","VARCHAR2",4000,"Y"
"ORDER_LINES_ALL","ATTRIBUTE4_N","VARCHAR2",4000,"Y"
"ORDER_LINES_ALL","ATTRIBUTE5_N","VARCHAR2",4000,"Y"
"ORDER_LINES_ALL","ATTRIBUTE1_V","VARCHAR2",4000,"Y"
"ORDER_LINES_ALL","ATTRIBUTE2_V","VARCHAR2",4000,"Y"
"ORDER_LINES_ALL","ATTRIBUTE3_V","VARCHAR2",4000,"Y"
"ORDER_LINES_ALL","ATTRIBUTE4_V","VARCHAR2",4000,"Y"
"ORDER_LINES_ALL","ATTRIBUTE5_V","VARCHAR2",4000,"Y"
"ORDER_LINES_ALL","ATTRIBUTE6_V","VARCHAR2",4000,"Y"
"ORDER_LINES_ALL","ATTRIBUTE7_V","VARCHAR2",4000,"Y"
"ORDER_LINES_ALL","ATTRIBUTE8_V","VARCHAR2",4000,"Y"
"ORDER_LINES_ALL","ATTRIBUTE9_V","VARCHAR2",4000,"Y"
"ORDER_LINES_ALL","ATTRIBUTE10_V","VARCHAR2",4000,"Y"
"ORDER_LINES_ALL","ATTRIBUTE11_V","VARCHAR2",4000,"Y"
"ORDER_LINES_ALL","ATTRIBUTE12_V","VARCHAR2",4000,"Y"
"ORDER_LINES_ALL","ATTRIBUTE13_V","VARCHAR2",4000,"Y"
"ORDER_LINES_ALL","ATTRIBUTE14_V","VARCHAR2",4000,"Y"
"ORDER_LINES_ALL","ATTRIBUTE15_V","VARCHAR2",4000,"Y"
"ORDER_LINES_ALL","LOCATION_CAP_PERIOD","VARCHAR2",4000,"Y"
"ORDER_LINES_ALL","DELIVERED_QUANTITY","VARCHAR2",4000,"Y"
"ORDER_LINES_ALL","BILLING_QUANTITY","VARCHAR2",4000,"Y"
"ORDER_LINES_ALL","BILLED_QUANTITY","VARCHAR2",4000,"Y"
"ORDER_LINES_ALL","MAX_QUANTITY","VARCHAR2",4000,"Y"
"ORDER_LINES_ALL","CLICKED_QUANTITY","VARCHAR2",4000,"Y"
"ORDER_LINES_ALL","TERMINATED_QUANTITY","VARCHAR2",4000,"Y"
"ORDER_LINES_ALL","CTR","VARCHAR2",4000,"Y"
"ORDER_LINES_ALL","TERMINATION_DATE","VARCHAR2",4000,"Y"
"ORDER_LINES_ALL","ITEM_DESCRIPTION","VARCHAR2",4000,"Y"
"ORDER_LINES_ALL","UOM","VARCHAR2",4000,"Y"
"ORDER_LINES_ALL","BOOKED_DATE","VARCHAR2",4000,"Y"
"ORDER_LINES_ALL","PLACEMENT_ID","VARCHAR2",4000,"Y"
"ORDER_LINES_ALL","AD_UNIT_NODE_ID","VARCHAR2",4000,"Y"
"ORDER_LINES_ALL","ADSERVER_STATUS","VARCHAR2",4000,"Y"
"ORDER_LINES_ALL","POINTS","VARCHAR2",4000,"Y"
"ORDER_LINES_ALL","SURVEY","VARCHAR2",4000,"Y"
"ORDER_LINES_ALL","SHOPPING","VARCHAR2",4000,"Y"
"ORDER_LINES_ALL","OVER_DELIVERY","VARCHAR2",4000,"Y"
"ORDER_LINES_ALL","UNDER_DELIVERY","VARCHAR2",4000,"Y"
"ORDER_LINES_ALL","TIER_PRICING","VARCHAR2",4000,"Y"
"ORDER_LINES_ALL","BILLING_CHANNEL_ID","VARCHAR2",4000,"Y"
"ORDER_LINES_ALL","USAGE_FEE","VARCHAR2",4000,"Y"
"ORDER_LINES_ALL","OVERAGE_FEE","VARCHAR2",4000,"Y"
"ORDER_LINES_ALL","METRIC1","VARCHAR2",4000,"Y"
"ORDER_LINES_ALL","METRIC2","VARCHAR2",4000,"Y"
"ORDER_LINES_ALL","METRIC3","VARCHAR2",4000,"Y"
"ORDER_LINES_ALL","METRIC4","VARCHAR2",4000,"Y"
"ORDER_LINES_ALL","METRIC5","VARCHAR2",4000,"Y"
"ORDER_LINES_ALL","METRIC6","VARCHAR2",4000,"Y"
"ORDER_LINES_ALL","BONUS_QUANTITY","VARCHAR2",4000,"Y"
"ORDER_LINES_ALL","BONUS_PERCENTAGE","VARCHAR2",4000,"Y"
"ORDER_LINES_ALL","MAKE_GOOD_DEL","VARCHAR2",4000,"Y"
"ORDER_LINES_ALL","BONUS_DEL","VARCHAR2",4000,"Y"
"ORDER_LINES_ALL","DESCRIPTION","VARCHAR2",4000,"Y"
"ORDER_LINES_ALL","UOM_CONV_UNIT_PRICE","VARCHAR2",4000,"Y"
"ORDER_LINES_ALL","BACK_BILLING","VARCHAR2",4000,"Y"
"ORDER_LINES_ALL","BILLING_STATUS","VARCHAR2",4000,"Y"
"ORDER_LINES_ALL","BILL_UNFULFILLED","VARCHAR2",4000,"Y"
"ORDER_LINES_ALL","LIST_UNIT_PRICE","VARCHAR2",4000,"Y"
"ORDER_LINES_ALL","LIST_AMOUNT","VARCHAR2",4000,"Y"
"ORDER_LINES_ALL","LIST_USAGE_FEE","VARCHAR2",4000,"Y"
"ORDER_LINES_ALL","LIST_OVERAGE_FEE","VARCHAR2",4000,"Y"
"ORDER_LINES_ALL","ORIG_LINE_ID","VARCHAR2",4000,"Y"
"ORDER_LINES_ALL","REASSESS_FLAG","VARCHAR2",4000,"Y"
"ORDER_LINES_ALL","BILL_TO_CUSTOMER_ID","VARCHAR2",4000,"Y"
"ORDER_LINES_ALL","BILL_TO_SITE_ID","VARCHAR2",4000,"Y"
"ORDER_LINES_ALL","BILL_TO_CONTACT_ID","VARCHAR2",4000,"Y"
"ORDER_LINES_ALL","SELL_TO_CUSTOMER_ID","VARCHAR2",4000,"Y"
"ORDER_LINES_ALL","SELL_TO_SITE_ID","VARCHAR2",4000,"Y"
"ORDER_LINES_ALL","SELL_TO_CONTACT_ID","VARCHAR2",4000,"Y"
"ORDER_LINES_ALL","BILLING_CYCLE","VARCHAR2",4000,"Y"
"ORDER_LINES_ALL","BILLING_FREQUENCY","VARCHAR2",4000,"Y"
"ORDER_LINES_ALL","INVOICING_RULE","VARCHAR2",4000,"Y"
"ORDER_LINES_ALL","OVERAGE_FREQUENCY","VARCHAR2",4000,"Y"
"ORDER_LINES_ALL","AGENCY_DISCOUNT","VARCHAR2",4000,"Y"
"ORDER_LINES_ALL","BILLING_BATCH","VARCHAR2",4000,"Y"
"ORDER_LINES_ALL","DELIVERY_CHANNEL","VARCHAR2",4000,"Y"
"ORDER_LINES_ALL","BILLING_CHANNEL","VARCHAR2",4000,"Y"
"ORDER_LINES_ALL","INVOICE_ADJ","VARCHAR2",4000,"Y"
"ORDER_LINES_ALL","INTERFACE_ADJ","VARCHAR2",4000,"Y"
"ORDER_LINES_ALL","REVENUE_EVENT","VARCHAR2",4000,"Y"
"ORDER_LINES_ALL","REVENUE_EVENT_RELEASED","VARCHAR2",4000,"Y"
"ORDER_LINES_ALL","REVENUE_QUANTITY","VARCHAR2",4000,"Y"
"ORDER_LINES_ALL","REVENUE_AMOUNT","VARCHAR2",4000,"Y"
"ORDER_LINES_ALL","REVENUE_STATUS","VARCHAR2",4000,"Y"
"ORDER_LINES_ALL","REVENUE_ALLOCATION_TYPE","VARCHAR2",4000,"Y"
"ORDER_LINES_ALL","BILLING_REVIEW_IND","VARCHAR2",4000,"Y"
"ORDER_LINES_ALL","BILL_EVENT_EXPECTED_DATE","VARCHAR2",4000,"Y"
"ORDER_LINES_ALL","BILL_EVENT_ACTUAL_DATE","VARCHAR2",4000,"Y"
"ORDER_LINES_ALL","REV_EVENT_EXPECTED_DATE","VARCHAR2",4000,"Y"
"ORDER_LINES_ALL","REV_EVENT_ACTUAL_DATE","VARCHAR2",4000,"Y"
"ORDER_LINES_ALL","SPL_INSTR","VARCHAR2",4000,"Y"
"ORDER_LINES_ALL","RENEWAL_PRICE_CHANGE","VARCHAR2",4000,"Y"
"ORDER_LINES_ALL","RENEWAL_IND","VARCHAR2",4000,"Y"
"ORDER_LINES_ALL","BILLING_EVENT_RELEASED","VARCHAR2",4000,"Y"
"ORDER_LINES_ALL","BILLING_SCH_STATUS","VARCHAR2",4000,"Y"
"ORDER_LINES_ALL","COMMIT_AMOUNT","VARCHAR2",4000,"Y"
"ORDER_LINES_ALL","TIER_HEADER_ID","VARCHAR2",4000,"Y"
"ORDER_LINES_ALL","ENTITLEMENT_ID","VARCHAR2",4000,"Y"
"ORDER_LINES_ALL","APPLY_PRE_PAYMENT","VARCHAR2",4000,"Y"
"ORDER_LINES_ALL","BILL_ZERO_AMOUNT","VARCHAR2",4000,"Y"
"ORDER_LINES_ALL","EXT_REFERENCE_NUMBER","VARCHAR2",4000,"Y"
"ORDER_LINES_ALL","ATTRIBUTE6_D","VARCHAR2",4000,"Y"
"ORDER_LINES_ALL","ATTRIBUTE7_D","VARCHAR2",4000,"Y"
"ORDER_LINES_ALL","ATTRIBUTE8_D","VARCHAR2",4000,"Y"
"ORDER_LINES_ALL","ATTRIBUTE9_D","VARCHAR2",4000,"Y"
"ORDER_LINES_ALL","ATTRIBUTE10_D","VARCHAR2",4000,"Y"
"ORDER_LINES_ALL","ATTRIBUTE11_D","VARCHAR2",4000,"Y"
"ORDER_LINES_ALL","ATTRIBUTE12_D","VARCHAR2",4000,"Y"
"ORDER_LINES_ALL","ATTRIBUTE13_D","VARCHAR2",4000,"Y"
"ORDER_LINES_ALL","ATTRIBUTE14_D","VARCHAR2",4000,"Y"
"ORDER_LINES_ALL","ATTRIBUTE15_D","VARCHAR2",4000,"Y"
"ORDER_LINES_ALL","ATTRIBUTE6_N","VARCHAR2",4000,"Y"
"ORDER_LINES_ALL","ATTRIBUTE7_N","VARCHAR2",4000,"Y"
"ORDER_LINES_ALL","ATTRIBUTE8_N","VARCHAR2",4000,"Y"
"ORDER_LINES_ALL","ATTRIBUTE9_N","VARCHAR2",4000,"Y"
"ORDER_LINES_ALL","ATTRIBUTE10_N","VARCHAR2",4000,"Y"
"ORDER_LINES_ALL","ATTRIBUTE11_N","VARCHAR2",4000,"Y"
"ORDER_LINES_ALL","ATTRIBUTE12_N","VARCHAR2",4000,"Y"
"ORDER_LINES_ALL","ATTRIBUTE13_N","VARCHAR2",4000,"Y"
"ORDER_LINES_ALL","ATTRIBUTE14_N","VARCHAR2",4000,"Y"
"ORDER_LINES_ALL","ATTRIBUTE15_N","VARCHAR2",4000,"Y"
"ORDER_LINES_ALL","PRICE_SCH_REFRESH","VARCHAR2",4000,"Y"
"ORDER_LINES_ALL","EFFECTIVE_CR_DATE","VARCHAR2",4000,"Y"
"ORDER_LINES_ALL","EVERGREEN_FLAG","VARCHAR2",4000,"Y"
"ORDER_LINES_ALL","EVERGREEN_END_DATE","VARCHAR2",4000,"Y"
"ORDER_LINES_ALL","ATTRIBUTE16_V","VARCHAR2",4000,"Y"
"ORDER_LINES_ALL","ATTRIBUTE17_V","VARCHAR2",4000,"Y"
"ORDER_LINES_ALL","ATTRIBUTE18_V","VARCHAR2",4000,"Y"
"ORDER_LINES_ALL","ATTRIBUTE19_V","VARCHAR2",4000,"Y"
"ORDER_LINES_ALL","ATTRIBUTE20_V","VARCHAR2",4000,"Y"
"ORDER_LINES_ALL","ATTRIBUTE21_V","VARCHAR2",4000,"Y"
"ORDER_LINES_ALL","ATTRIBUTE22_V","VARCHAR2",4000,"Y"
"ORDER_LINES_ALL","ATTRIBUTE23_V","VARCHAR2",4000,"Y"
"ORDER_LINES_ALL","ATTRIBUTE24_V","VARCHAR2",4000,"Y"
"ORDER_LINES_ALL","ATTRIBUTE25_V","VARCHAR2",4000,"Y"
"ORDER_LINES_ALL","INVOICE_ADJ_MONTHS","VARCHAR2",4000,"Y"
"ORDER_LINES_ALL","INTERFACE_ADJ_MONTHS","VARCHAR2",4000,"Y"
"ORDER_LINES_ALL","LEGAL_ENTITY_ID","VARCHAR2",4000,"Y"
"ORDER_LINES_ALL","PO_NUMBER","VARCHAR2",4000,"Y"
"ORDER_LINES_ALL","LINE_TAX_CODE","VARCHAR2",4000,"Y"
"ORDER_LINES_ALL","TERM_HEADER_ID","VARCHAR2",4000,"Y"
"ORDER_LINES_ALL","BATCH_NUMBER","VARCHAR2",4000,"Y"
"ORDER_LINES_ALL","LAST_UPDATED_DATETIME","VARCHAR2",4000,"Y"
"ORDER_LINES_ALL","LAST_UPDATED_USER","VARCHAR2",4000,"Y"
"ORDER_LINES_ALL","ORIG_UNIT_PRICE","VARCHAR2",4000,"Y"
"ORDER_LINES_ALL","INTENT","VARCHAR2",4000,"Y"
"ORDER_LINES_ALL","REV_REFRESH_FLAG","VARCHAR2",4000,"Y"
"ORDER_LINES_ALL","REVUENUE_ATTRIBUTE1_V","VARCHAR2",4000,"Y"
"ORDER_LINES_ALL","REVUENUE_ATTRIBUTE2_V","VARCHAR2",4000,"Y"
"ORDER_LINES_ALL","REVUENUE_ATTRIBUTE3_V","VARCHAR2",4000,"Y"
"ORDER_LINES_ALL","REVUENUE_ATTRIBUTE4_V","VARCHAR2",4000,"Y"
"ORDER_LINES_ALL","REVUENUE_ATTRIBUTE5_V","VARCHAR2",4000,"Y"
"ORDER_LINES_ALL","REVUENUE_ATTRIBUTE6_V","VARCHAR2",4000,"Y"
"ORDER_LINES_ALL","REVUENUE_ATTRIBUTE7_V","VARCHAR2",4000,"Y"
"ORDER_LINES_ALL","REVUENUE_ATTRIBUTE8_V","VARCHAR2",4000,"Y"
"ORDER_LINES_ALL","REVUENUE_ATTRIBUTE9_V","VARCHAR2",4000,"Y"
"ORDER_LINES_ALL","REVUENUE_ATTRIBUTE10_V","VARCHAR2",4000,"Y"
"ORDER_LINES_ALL","REVUENUE_ATTRIBUTE11_V","VARCHAR2",4000,"Y"
"ORDER_LINES_ALL","REVUENUE_ATTRIBUTE12_V","VARCHAR2",4000,"Y"
"ORDER_LINES_ALL","REVUENUE_ATTRIBUTE13_V","VARCHAR2",4000,"Y"
"ORDER_LINES_ALL","REVUENUE_ATTRIBUTE14_V","VARCHAR2",4000,"Y"
"ORDER_LINES_ALL","REVUENUE_ATTRIBUTE15_V","VARCHAR2",4000,"Y"
"ORDER_LINES_ALL","REVUENUE_ATTRIBUTE1_N","VARCHAR2",4000,"Y"
"ORDER_LINES_ALL","REVUENUE_ATTRIBUTE2_N","VARCHAR2",4000,"Y"
"ORDER_LINES_ALL","REVUENUE_ATTRIBUTE3_N","VARCHAR2",4000,"Y"
"ORDER_LINES_ALL","REVUENUE_ATTRIBUTE4_N","VARCHAR2",4000,"Y"
"ORDER_LINES_ALL","REVUENUE_ATTRIBUTE5_N","VARCHAR2",4000,"Y"
"ORDER_LINES_ALL","REVUENUE_ATTRIBUTE6_N","VARCHAR2",4000,"Y"
"ORDER_LINES_ALL","REVUENUE_ATTRIBUTE7_N","VARCHAR2",4000,"Y"
"ORDER_LINES_ALL","REVUENUE_ATTRIBUTE8_N","VARCHAR2",4000,"Y"
"ORDER_LINES_ALL","REVUENUE_ATTRIBUTE9_N","VARCHAR2",4000,"Y"
"ORDER_LINES_ALL","REVUENUE_ATTRIBUTE10_N","VARCHAR2",4000,"Y"
"ORDER_LINES_ALL","REVUENUE_ATTRIBUTE1_D","VARCHAR2",4000,"Y"
"ORDER_LINES_ALL","REVUENUE_ATTRIBUTE2_D","VARCHAR2",4000,"Y"
"ORDER_LINES_ALL","REVUENUE_ATTRIBUTE3_D","VARCHAR2",4000,"Y"
"ORDER_LINES_ALL","REVUENUE_ATTRIBUTE4_D","VARCHAR2",4000,"Y"
"ORDER_LINES_ALL","REVUENUE_ATTRIBUTE5_D","VARCHAR2",4000,"Y"
"ORDER_LINES_ALL","REVENUE_IDENTIFIED_DATE","VARCHAR2",4000,"Y"
"ORDER_LINES_ALL","DISBURSEMENT_TYPE","VARCHAR2",4000,"Y"
"ORDER_LINES_ALL","LINE_SOURCE","VARCHAR2",4000,"Y"
"ORDER_LINES_ALL","FREE_MONTHS_WITHIN_PERIOD","VARCHAR2",4000,"Y"
"ORDER_LINES_ALL","FREE_DAYS","VARCHAR2",4000,"Y"
"ORDER_LINES_ALL","FREE_PERIOD_START_DATE","VARCHAR2",4000,"Y"
"ORDER_LINES_ALL","FREE_PERIOD_END_DATE","VARCHAR2",4000,"Y"
"ORDER_LINES_ALL","BILL_START_TERM_NAME","VARCHAR2",4000,"Y"
"ORDER_LINES_ALL","PRO_RATE_TERM_NAME","VARCHAR2",4000,"Y"
"ORDER_LINES_ALL","DO_NOT_BILL_UPON_TERMINATION","VARCHAR2",4000,"Y"
"ORDER_LINES_ALL","PAYMENT_TERM","VARCHAR2",4000,"Y"
"ORDER_LINES_ALL","LINE_PAYMENT_TERM","VARCHAR2",4000,"Y"
"ORDER_LINES_ALL","FREE_DAYS_ELIGIBLE","VARCHAR2",4000,"Y"
"ORDER_LINES_ALL","ACTIVATION_DATE","VARCHAR2",4000,"Y"
"ORDER_LINES_ALL","BOOK_OVERRIDE_FREEDAYS_FLAG","VARCHAR2",4000,"Y"
"ORDER_LINES_ALL","BOOKING_OVERRIDE_PERDIEM_FLAG","VARCHAR2",4000,"Y"
"ORDER_LINES_ALL","PAY_BOOK_OVERIDE_PERDIEM_FLAG","VARCHAR2",4000,"Y"
"ORDER_LINES_ALL","PAY_BOOK_OVERIDE_FREEDAYS_FLAG","VARCHAR2",4000,"Y"
"ORDER_LINES_ALL","LINE_QUANTITY_RAMP_HEADER_ID","VARCHAR2",4000,"Y"
"ORDER_LINES_ALL","LINE_SELL_PRICE_RAMP_HEADER_ID","VARCHAR2",4000,"Y"
"ORDER_LINES_ALL","MULTI_DIM_TIER_HEADER_ID","VARCHAR2",4000,"Y"
"ORDER_LINES_ALL","QUANTITY_RAMP_NAME","VARCHAR2",4000,"Y"
"ORDER_LINES_ALL","SELL_PRICE_RAMP_NAME","VARCHAR2",4000,"Y"
"ORDER_LINES_ALL","MULTI_DIM_TIER_PRICING","VARCHAR2",4000,"Y"
"ORDER_LINES_ALL","EXT_SELL_PRICE","VARCHAR2",4000,"Y"
"ORDER_LINES_ALL","TOTAL_LIST_PRICE","VARCHAR2",4000,"Y"
"ORDER_LINES_ALL","AMENDMENT_FLAG","VARCHAR2",4000,"Y"
"ORDER_LINES_ALL","RENEW_CONTRACT_FLAG","VARCHAR2",4000,"Y"
"ORDER_LINES_ALL","LINE_RENEWAL_TERM","VARCHAR2",4000,"Y"
"ORDER_LINES_ALL","LINE_NEXT_RENEWAL_DATE","VARCHAR2",4000,"Y"
"ORDER_LINES_ALL","RENEWAL_PRICE_CHANGE_FIXED_AMT","VARCHAR2",4000,"Y"
"ORDER_LINES_ALL","PRICE_UPLIFT_ON_RENEWAL","VARCHAR2",4000,"Y"
"ORDER_LINES_ALL","ORIG_ORDER_LINE_NUMBER","VARCHAR2",4000,"Y"
"ORDER_LINES_ALL","PRICE_UPLIFT","VARCHAR2",4000,"Y"
"ORDER_LINES_ALL","RENEW_FLAG","VARCHAR2",4000,"Y"
"ORDER_LINES_ALL","RENEWAL_TERM","VARCHAR2",4000,"Y"
"ORDER_LINES_ALL","NEXT_RENEWAL_DATE","VARCHAR2",4000,"Y"
"ORDER_LINES_ALL","PRICE","VARCHAR2",4000,"Y"
"ORDER_LINES_ALL","RENEWAL_CYCLE","VARCHAR2",4000,"Y"
"ORDER_LINES_ALL","ORIGINAL_LINE_NUMBER","VARCHAR2",4000,"Y"
"ORDER_LINES_ALL","RENEWAL_PRICE_CHANGE_TYPE","VARCHAR2",4000,"Y"
"ORDER_LINES_ALL","UNIT_PRICE_TERM_PERIOD","VARCHAR2",4000,"Y"
"ORDER_LINES_ALL","UNIT_PRICE_TERM_DURATION","VARCHAR2",4000,"Y"
"ORDER_LINES_ALL","TOTAL_BOOKED_QUANTITY","VARCHAR2",4000,"Y"
"ORDER_LINES_ALL","TERM_VALUE","VARCHAR2",4000,"Y"
"ORDER_LINES_ALL","EXCESS_USAGE_BILL_FLAG","VARCHAR2",4000,"Y"
"ORDER_LINES_ALL","MULTI_LINE_OVERAGE_FLAG","VARCHAR2",4000,"Y"
"ORDER_LINES_ALL","DO_NOT_BILL_FLAG","VARCHAR2",4000,"Y"
"ORDER_LINES_ALL","LINE_LIST_PRICE_RAMP_HEADER_ID","VARCHAR2",4000,"Y"
"ORDER_LINES_ALL","LIST_PRICE_RAMP_NAME","VARCHAR2",4000,"Y"
"ORDER_LINES_ALL","COUNTER","VARCHAR2",4000,"Y"
"ORDER_LINES_ALL","AMENDMENT_AUDIT","VARCHAR2",4000,"Y"
"ORDER_LINES_ALL","DISCOUNT_ON_FULFILMENT_FLAG","VARCHAR2",4000,"Y"
"ORDER_LINES_ALL","BILLING_LEVEL","VARCHAR2",4000,"Y"
"ORDER_LINES_ALL","BILLING_LEVEL_GROUP_ID","VARCHAR2",4000,"Y"
"ORDER_LINES_ALL","ACTUAL_COUNTER","VARCHAR2",4000,"Y"
"ORDER_LINES_ALL","DEFAULT_BILLING_LEVEL","VARCHAR2",4000,"Y"
"ORDER_LINES_ALL","INVOICE_PERIOD_TYPE","VARCHAR2",4000,"Y"
"ORDER_LINES_ALL","FILE_NAME","VARCHAR2",4000,"Y"
"ORDER_LINES_ALL","BATCH_ID","VARCHAR2",4000,"Y"
"ORDER_LINES_ALL","BILL_RUN_REPROCESS_FLAG","VARCHAR2",4000,"Y"
"ORDER_LINES_ALL","REASON_CODE","VARCHAR2",4000,"Y"
"ORDER_LINES_ALL","EFFECTIVITY_DATE","VARCHAR2",4000,"Y"
"ORDER_LINES_ALL","FINANCIAL_REQUIRED","VARCHAR2",4000,"Y"
"ORDER_LINES_ALL","AMENDMENT_REFLECTIVE","VARCHAR2",4000,"Y"
"ORDER_LINES_ALL","VERSION","VARCHAR2",4000,"Y"
"PRICING_SCHEDULES_ALL","PRICING_SCH_ID","VARCHAR2",4000,"Y"
"PRICING_SCHEDULES_ALL","ORDER_ID","VARCHAR2",4000,"Y"
"PRICING_SCHEDULES_ALL","LINE_ID","VARCHAR2",4000,"Y"
"PRICING_SCHEDULES_ALL","PRICING_FROM_DATE","VARCHAR2",4000,"Y"
"PRICING_SCHEDULES_ALL","PRICING_TO_DATE","VARCHAR2",4000,"Y"
"PRICING_SCHEDULES_ALL","PRICING_PERIOD","VARCHAR2",4000,"Y"
"PRICING_SCHEDULES_ALL","EFFECTIVE_DATE","VARCHAR2",4000,"Y"
"PRICING_SCHEDULES_ALL","ADJUSTMENT_TYPE","VARCHAR2",4000,"Y"
"PRICING_SCHEDULES_ALL","ADJUSTMENT_VALUE","VARCHAR2",4000,"Y"
"PRICING_SCHEDULES_ALL","PRICING_STATUS","VARCHAR2",4000,"Y"
"PRICING_SCHEDULES_ALL","MISSED_REASON","VARCHAR2",4000,"Y"
"PRICING_SCHEDULES_ALL","DO_NOT_APPLY","VARCHAR2",4000,"Y"
"PRICING_SCHEDULES_ALL","ADJUSTED_UNIT_PRICE","VARCHAR2",4000,"Y"
"PRICING_SCHEDULES_ALL","CREATION_DATE","VARCHAR2",4000,"Y"
"PRICING_SCHEDULES_ALL","CREATED_BY","VARCHAR2",4000,"Y"
"PRICING_SCHEDULES_ALL","LAST_UPDATE_DATE","VARCHAR2",4000,"Y"
"PRICING_SCHEDULES_ALL","LAST_UPDATED_BY","VARCHAR2",4000,"Y"
"PRICING_SCHEDULES_ALL","LAST_UPDATE_LOGIN","VARCHAR2",4000,"Y"
"PRICING_SCHEDULES_ALL","SOURCE_ID","VARCHAR2",4000,"Y"
"PRICING_SCHEDULES_ALL","ORG_ID","VARCHAR2",4000,"Y"
"PRICING_SCHEDULES_ALL","TENANT_ID","VARCHAR2",4000,"Y"
"PRICING_SCHEDULES_ALL","ATTRIBUTE_CONTEXT","VARCHAR2",4000,"Y"
"PRICING_SCHEDULES_ALL","ATTRIBUTE1_D","VARCHAR2",4000,"Y"
"PRICING_SCHEDULES_ALL","ATTRIBUTE2_D","VARCHAR2",4000,"Y"
"PRICING_SCHEDULES_ALL","ATTRIBUTE3_D","VARCHAR2",4000,"Y"
"PRICING_SCHEDULES_ALL","ATTRIBUTE4_D","VARCHAR2",4000,"Y"
"PRICING_SCHEDULES_ALL","ATTRIBUTE5_D","VARCHAR2",4000,"Y"
"PRICING_SCHEDULES_ALL","ATTRIBUTE1_N","VARCHAR2",4000,"Y"
"PRICING_SCHEDULES_ALL","ATTRIBUTE2_N","VARCHAR2",4000,"Y"
"PRICING_SCHEDULES_ALL","ATTRIBUTE3_N","VARCHAR2",4000,"Y"
"PRICING_SCHEDULES_ALL","ATTRIBUTE4_N","VARCHAR2",4000,"Y"
"PRICING_SCHEDULES_ALL","ATTRIBUTE5_N","VARCHAR2",4000,"Y"
"PRICING_SCHEDULES_ALL","ATTRIBUTE1_V","VARCHAR2",4000,"Y"
"PRICING_SCHEDULES_ALL","ATTRIBUTE2_V","VARCHAR2",4000,"Y"
"PRICING_SCHEDULES_ALL","ATTRIBUTE3_V","VARCHAR2",4000,"Y"
"PRICING_SCHEDULES_ALL","ATTRIBUTE4_V","VARCHAR2",4000,"Y"
"PRICING_SCHEDULES_ALL","ATTRIBUTE5_V","VARCHAR2",4000,"Y"
"PRICING_SCHEDULES_ALL","ATTRIBUTE6_V","VARCHAR2",4000,"Y"
"PRICING_SCHEDULES_ALL","ATTRIBUTE7_V","VARCHAR2",4000,"Y"
"PRICING_SCHEDULES_ALL","ATTRIBUTE8_V","VARCHAR2",4000,"Y"
"PRICING_SCHEDULES_ALL","ATTRIBUTE9_V","VARCHAR2",4000,"Y"
"PRICING_SCHEDULES_ALL","ATTRIBUTE10_V","VARCHAR2",4000,"Y"
"PRICING_SCHEDULES_ALL","ATTRIBUTE11_V","VARCHAR2",4000,"Y"
"PRICING_SCHEDULES_ALL","ATTRIBUTE12_V","VARCHAR2",4000,"Y"
"PRICING_SCHEDULES_ALL","ATTRIBUTE13_V","VARCHAR2",4000,"Y"
"PRICING_SCHEDULES_ALL","ATTRIBUTE14_V","VARCHAR2",4000,"Y"
"PRICING_SCHEDULES_ALL","ATTRIBUTE15_V","VARCHAR2",4000,"Y"
"PRICING_SCHEDULES_ALL","PRICE_ADJUSTMENT_ID","VARCHAR2",4000,"Y"
"PRICING_SCHEDULES_ALL","SOURCE","VARCHAR2",4000,"Y"
"PRICING_SCHEDULES_ALL","CR_LINE_ID","VARCHAR2",4000,"Y"
"PRICING_SCHEDULES_ALL","CR_HEADER_ID","VARCHAR2",4000,"Y"
"PRICING_SCHEDULES_ALL","PRICE_INDEX_ID","VARCHAR2",4000,"Y"
"PRICING_SCHEDULES_ALL","ADJ_AMOUNT","VARCHAR2",4000,"Y"
"PRICING_SCHEDULES_ALL","TRUE_UP_GENERATED","VARCHAR2",4000,"Y"
